Date,Daily Return,Cumulative Return
2020-04-29,0.0,0.0
2020-04-30,0.006773223915153892,0.006773223915153892
2020-05-01,0.003778314525337853,0.010577129810793728
2020-05-04,0.021580085802385046,0.03238547098203881
2020-05-05,0.0019324708654619022,0.034380525826637864
2020-05-06,-0.016733735760605217,0.017071475431539085
2020-05-07,0.004315891569844807,0.02146104563828377
2020-05-08,-0.012135885921926657,0.009064710914725715
2020-05-11,0.01999341224152207,0.029239357658416232
2020-05-12,0.04476570136256844,0.07531397937395456
2020-05-13,0.008931579520031725,0.08491823168973478
2020-05-14,0.0036540982953216193,0.08888262955071569
2020-05-15,0.01613569287800221,0.10645250524133765
2020-05-18,0.013441458625710122,0.12132484081185235
2020-05-19,-0.008497080999921558,0.11179685281224994
2020-05-20,-0.0008802405880949677,0.1108182040966883
2020-05-21,0.002697592931045647,0.11381473943173614
2020-05-22,-0.016105600168906765,0.09587608457621366
2020-05-25,0.015459896305709667,0.1128182152076691
2020-05-26,-0.00711924116778942,0.10489579395769666
2020-05-27,-0.0011710789470887257,0.10360187375466601
2020-05-28,-0.008918771457760651,0.09375910086229178
2020-05-29,-0.002097996678438711,0.09146439790167071
2020-06-01,-0.014258527172987822,0.07590172312584098
2020-06-02,0.00083886042220603,0.07680425449955464
2020-06-03,-0.016307192485777628,0.05924460025192624
2020-06-04,-0.002817853751801767,0.05625980388103069
2020-06-05,-0.021339108154922286,0.03372016168631653
2020-06-08,0.00439059953531547,0.03825881294786271
2020-06-09,-0.014596261885234708,0.02310411540942292
2020-06-10,-0.021518500154559243,0.0010884493438549914
2020-06-11,0.003995470452631368,0.005088268663678841
2020-06-12,0.005808138513015173,0.010925960545884017
2020-06-15,-0.000921307860097401,0.00999458651245666
2020-06-16,0.007476474118660709,0.017545784898504557
2020-06-17,0.0002151748051501686,0.017764735114501606
2020-06-18,0.008157814249094494,0.026067470772844548
2020-06-19,0.009265386680165928,0.03557438264949475
2020-06-22,-0.015869723511133048,0.019140103521634977
2020-06-23,-0.026604627205877706,-0.007973739003117819
2020-06-24,-0.0030870323896717345,-0.011036156202220204
2020-06-25,-0.010037788113002214,-0.02096316571768264
2020-06-26,0.006324811672962796,-0.014770942119953223
2020-06-29,-0.012404067404461932,-0.026991789762731866
2020-06-30,-0.023815073012277185,-0.050164051331077486
2020-07-01,0.015155291004426268,-0.03576901112253461
2020-07-02,0.0072000922723253116,-0.028826459030781515
2020-07-03,0.0024319076749877294,-0.026464654642753493
2020-07-06,0.002962902282519849,-0.023580164545880633
2020-07-07,-0.005388297095838595,-0.02884140470957719
2020-07-08,-0.0034985807349237983,-0.032239081461615915
2020-07-09,-0.017427608290912,-0.04910483966915602
2020-07-10,-0.012337623624519855,-0.06083662626369546
2020-07-13,0.014006497671841386,-0.04768223665597915
2020-07-14,0.00018367261807143253,-0.04750732195914975
2020-07-15,-0.003256118602744473,-0.05060875108709639
2020-07-16,-0.012674858551338944,-0.06264215087694647
2020-07-17,-0.01600071114197714,-0.0776405430574294
2020-07-20,-0.015212434839430133,-0.09167187619470041
2020-07-21,-0.015715459766379686,-0.1059466702790337
2020-07-22,0.028359311043121945,-0.08059193381233798
2020-07-23,0.003401027835757157,-0.077465001386814
2020-07-24,-0.0022859446526423627,-0.0795738653337692
2020-07-27,0.007180808114994364,-0.07296446187670491
2020-07-28,-0.01661103759664069,-0.08836348405389305
2020-07-29,-0.0028624242262548557,-0.09097297450267572
2020-07-30,-0.0031732057733559324,-0.09385750430812034
2020-07-31,-0.016133059731902766,-0.10847635531673283
2020-08-03,0.007184065380540757,-0.10207159116503017
2020-08-04,-0.006283458988254718,-0.10771368749633348
2020-08-05,0.006756541417450919,-0.10168491806967794
2020-08-06,-0.0013730841071779819,-0.10291838023191469
2020-08-07,-0.010689572827500531,-0.11250779953863776
2020-08-10,-0.021849832468583567,-0.13189935543589304
2020-08-11,0.002885915919225469,-0.12939408996625568
2020-08-12,0.007142960058054408,-0.12317538672457862
2020-08-13,-0.003596693844133944,-0.12632905641353143
2020-08-14,-0.005859820486703861,-0.13144861130739727
2020-08-17,0.016101037488846927,-0.11746403283706774
2020-08-18,-0.005687030774575751,-0.12248304204199334
2020-08-19,0.02287158692843913,-0.10241283665687739
2020-08-20,0.014296655772591971,-0.08958034195666353
2020-08-21,-0.016053012427020612,-0.10419532004103704
2020-08-24,-0.014368934139454333,-0.1170670784891823
2020-08-25,0.006356055961954496,-0.11145510742940767
2020-08-26,0.016087189626804194,-0.0971609172506962
2020-08-27,0.0027629021282266136,-0.09466646122752187
2020-08-28,-0.01404129594701653,-0.10737851737618598
2020-08-31,0.00026135501954554477,-0.10714522627114798
2020-09-01,-0.0034085134281620928,-0.11018853375680138
2020-09-02,0.0006335724520266095,-0.10962477372429236
2020-09-03,-0.01128283517566989,-0.11967073064686096
2020-09-04,-0.00043048108087029736,-0.12004969574225388
2020-09-07,0.011242673852442849,-0.11015670146512613
2020-09-08,0.01316370076870908,-0.09844307055217194
2020-09-09,-0.007362764536572053,-0.10508102194001123
2020-09-10,0.003531584690462178,-0.1019205397778905
2020-09-11,0.018445747853755183,-0.08535479250199696
2020-09-14,-0.0038285240126064,-0.08885653364191837
2020-09-15,-0.00927224702989293,-0.09730488094166345
2020-09-16,-0.019885785279272247,-0.11525568225190463
2020-09-17,-0.002097916363483207,-0.11711180183360714
2020-09-18,0.006758177989986538,-0.11114508624514008
2020-09-21,0.007724097614728604,-0.10427948412596633
2020-09-22,-0.00021415128881755634,-0.10447130382886105
2020-09-23,0.009319849627537216,-0.09612511104340149
2020-09-24,-0.01138983254244963,-0.10642009466794244
2020-09-25,0.01649748285254206,-0.09167827550235064
2020-09-28,0.024005590713545043,-0.06987347594783866
2020-09-29,-0.01344915374029128,-0.08238289056773895
2020-09-30,-0.005615011389630082,-0.08753532108852047
2020-10-01,0.014697557853150415,-0.07412431868126257
2020-10-02,0.005411075416135334,-0.06911433554368118
2020-10-05,-0.004607409112012797,-0.07340330663633932
2020-10-06,-0.007276399522400721,-0.08014559437338864
2020-10-07,0.010456710757440545,-0.07052694291479389
2020-10-08,-0.004385743456495445,-0.07460337329289413
2020-10-09,-0.030545908947466865,-0.10287045439258236
2020-10-12,-0.01562655307259202,-0.11688949685000694
2020-10-13,0.003705619586056688,-0.11361702527288187
2020-10-14,0.02042143473961388,-0.0955158132001872
2020-10-15,0.0029417635059770177,-0.09285503462772626
2020-10-16,0.013350389937593344,-0.08074429561008178
2020-10-19,-0.021300414412898986,-0.10032482306500845
2020-10-20,0.008836726184031488,-0.0923746398718639
2020-10-21,-0.012400442583713008,-0.10362959603765465
2020-10-22,-0.03272177066196647,-0.13296042282428477
2020-10-23,-0.01414042902426824,-0.14522073442656958
2020-10-26,-0.00446667453666281,-0.14903875520657373
2020-10-27,-0.022230290504376436,-0.16795587088629738
2020-10-28,0.00694474012983626,-0.16217754063304668
2020-10-29,-0.01578981692715675,-0.17540660388391105
2020-10-30,-0.00830279081367256,-0.18225303035819873
2020-11-02,-0.008110690197829788,-0.18888552268917758
2020-11-03,-0.018320031849965793,-0.20374516574748014
2020-11-04,-0.011490317506438863,-0.21289438660907845
2020-11-05,0.0009556650342482332,-0.2121421772961003
2020-11-06,-0.01702132718729392,-0.22555256307341232
2020-11-09,-0.021931203919958855,-0.24253712773793878
2020-11-10,0.006355418942423584,-0.237723133851382
2020-11-11,0.016473640837207933,-0.2251656585399372
2020-11-12,5.237596538720281e-05,-0.2251250758432881
2020-11-13,-0.012582456892111744,-0.23487490617326834
2020-11-16,-0.01482127155031268,-0.24621503295883274
2020-11-17,0.0016617657168909836,-0.244962418942696
2020-11-18,0.00828034405315229,-0.23871044799848173
2020-11-19,0.003206474928213474,-0.23626939213687803
2020-11-20,-0.017037704470589773,-0.24928160852879377
2020-11-23,0.00837781500166324,-0.24299222872670168
2020-11-24,-0.011120281260695123,-0.25141036805979267
2020-11-25,0.004701764211021686,-0.24789067611959437
2020-11-26,0.004253435120495143,-0.24469162790694954
2020-11-27,-0.0019659952294084635,-0.24617656056321668
2020-11-30,0.003087472266467583,-0.24384915160014242
2020-12-01,0.019655695162300743,-0.2289864810272797
2020-12-02,-0.004258458580253874,-0.2322698101626408
2020-12-03,-0.001696286258099013,-0.23357210033358966
2020-12-04,0.014209210056620306,-0.22268176531397543
2020-12-07,0.0037109712084424365,-0.21979715972525826
2020-12-08,-0.005458541161134212,-0.2240559290429317
2020-12-09,-0.0028868173335346078,-0.226295937836824
2020-12-10,0.03242875572730958,-0.20120567779970722
2020-12-11,-0.020610438359503932,-0.21766917893933813
2020-12-14,-0.01883141892758249,-0.23240157837069098
2020-12-15,-0.024407689032315657,-0.2511368819475154
2020-12-16,0.015163429733409835,-0.23978154867698442
2020-12-17,0.031402596000149746,-0.21590871577822823
2020-12-18,0.002510556243845838,-0.21394021050888012
2020-12-21,0.02414110770158823,-0.1949638564708872
2020-12-22,0.006957978630044244,-0.18936243218779847
2020-12-23,0.03384208514656959,-0.16192876659488997
2020-12-24,0.007435660197899842,-0.15569715368165482
2020-12-25,0.012493192258829085,-0.145149115897923
2020-12-28,0.0010553605862915591,-0.14424693996768523
2020-12-29,0.00903628969588401,-0.13651410740909398
2020-12-30,0.001635183934667878,-0.13510214914971708
2020-12-31,-0.001578139855093124,-0.13646707891872834
2021-01-01,0.008008223305694444,-0.1295517144548909
2021-01-04,0.007630024667103838,-0.12291017256474335
2021-01-05,0.0013005697384387757,-0.12176945607728862
2021-01-06,-0.02040859541475738,-0.1396929079290895
2021-01-07,0.00616320774001363,-0.13439065660044947
2021-01-08,-0.02739726821877671,-0.15810598795424613
2021-01-11,0.013107047604376365,-0.147071243060523
2021-01-12,0.013836972146237365,-0.13526929160802648
2021-01-13,-0.0042259587500478755,-0.13892360791159064
2021-01-14,-0.00749274578008831,-0.14537543441474476
2021-01-15,0.04100961506890365,-0.11032760995166446
2021-01-18,-0.0009973281065149865,-0.11121490523185007
2021-01-19,-0.007451842311817424,-0.11783799160715602
2021-01-20,0.00681081086159044,-0.11182975301871156
2021-01-21,0.0027582077723749257,-0.1093799949402956
2021-01-22,-0.00956184887269993,-0.11789596883167974
2021-01-25,0.004242714077429382,-0.11415345364088458
2021-01-26,-0.003640526220472809,-0.11737840122022025
2021-01-27,-0.001258504874782929,-0.11848918480487336
2021-01-28,-0.005447371642484402,-0.12329110182211067
2021-01-29,0.005199924027118316,-0.11873228215768705
2021-02-01,-0.0014587514206334188,-0.12001783269304789
2021-02-02,-0.00757298257499619,-0.12668192231237085
2021-02-03,0.022900150325503462,-0.10668280705134436
2021-02-04,-0.002045386250684388,-0.10850998575530157
2021-02-05,-0.010512450237874778,-0.11788173016761117
2021-02-08,-0.0012141913546342186,-0.1189527905446065
2021-02-09,0.01455185625149814,-0.1061319182018281
2021-02-10,-0.014384492465876636,-0.11898975688994151
2021-02-11,0.008002804242408075,-0.11193920437877536
2021-02-12,-0.000761880640265937,-0.11261580070633836
2021-02-15,0.01463854959188074,-0.09962578309792669
2021-02-16,-0.017293012901915955,-0.1151959660473667
2021-02-17,0.019444183582188766,-0.09799167397693054
2021-02-18,0.026051077256148275,-0.0744933853900146
2021-02-19,-0.009716257127700948,-0.08348584563095329
2021-02-22,0.01390879236697402,-0.0707382405564414
2021-02-23,0.01677219357487,-0.055152482445329776
2021-02-24,-0.016745742529173796,-0.07097465570362937
2021-02-25,0.011271663889432721,-0.060502994277956135
2021-02-26,-0.019074495666265723,-0.07842342584207085
2021-03-01,0.0050164358940994885,-0.07380039603630384
2021-03-02,-0.0028605890336896875,-0.07644987246641011
2021-03-03,0.0016515609653410292,-0.07492457312623979
2021-03-04,-0.018365647666264574,-0.09191418248092253
2021-03-05,-0.029940316988045383,-0.119102559709792
2021-03-08,0.0009976057448068383,-0.11822377136277284
2021-03-09,-0.00919362455786488,-0.1263304909529135
2021-03-10,0.017313178782302083,-0.11120449454613524
2021-03-11,-0.0038229673872066305,-0.11460233077738124
2021-03-12,-0.003923186336257059,-0.11807591081542934
2021-03-15,0.01739774206863949,-0.10273242298767638
2021-03-16,0.000775602735905408,-0.10203649980010643
2021-03-17,0.006007078605457451,-0.09664236246957403
2021-03-18,0.012080851655687936,-0.08572903285853628
2021-03-19,0.005996071697719051,-0.08024699858841322
2021-03-22,-0.010681513380015266,-0.09007135257930021
2021-03-23,0.01745064886157753,-0.07419250726407134
2021-03-24,-0.008742956782949621,-0.08228680216239259
2021-03-25,0.0019478587548985011,-0.08049922647549879
2021-03-26,0.008078162887196894,-0.0730713494520644
2021-03-29,-0.00499570058653933,-0.07770200745528677
2021-03-30,-0.020660319545857366,-0.09675697869776334
2021-03-31,-0.024045261644266673,-0.11847569347333353
2021-04-01,-0.011803796848699335,-0.12888102730476492
2021-04-02,-0.003415280927680284,-0.13185614331795137
2021-04-05,-0.006263945893689476,-0.13729414946414664
2021-04-06,0.006541450540297112,-0.13165080181204136
2021-04-07,-0.004727775392808102,-0.13575616178359906
2021-04-08,0.008028259496962826,-0.1288177879817467
2021-04-09,0.008297278965838073,-0.12158934613855543
2021-04-12,-0.02086179442088274,-0.13991456861652607
2021-04-13,0.014941781173399645,-0.12706336031036514
2021-04-14,-0.009517527663440606,-0.1353715589270421
2021-04-15,-0.021066291012175734,-0.1535860732840889
2021-04-16,-0.0294426201238033,-0.17850671699588216
2021-04-19,-0.00912829703686413,-0.18600555169693245
2021-04-20,-0.021797907968575683,-0.20374892776797426
2021-04-21,-0.00641406903322332,-0.2088561371130485
2021-04-22,-0.0008075953125110504,-0.2094950611882379
2021-04-23,0.004386743823384803,-0.20602731853055012
2021-04-26,0.0034698205278185356,-0.2032723758218603
2021-04-27,-0.008156689549339902,-0.20977103570766453
2021-04-28,0.024543061699808105,-0.1903763974800623
2021-04-29,0.014281267739844066,-0.17881394604397793
2021-04-30,0.0013153673999714947,-0.1777337846792929
2021-05-03,-0.014289022216187428,-0.18948316489763084
2021-05-04,-0.012999074612882456,-0.20001913371212388
2021-05-05,-0.009734008886695865,-0.20780615457375673
2021-05-06,0.01679057955740617,-0.19450476078723988
2021-05-07,0.026250805139282393,-0.17335986222204602
2021-05-10,-0.007342625352983497,-0.17942957105548818
2021-05-11,-0.00523730609001658,-0.1837271495602868
2021-05-12,-0.02187747168314728,-0.2015851357315035
2021-05-13,0.010999195953051126,-0.19280321418758561
2021-05-14,0.014707869137076956,-0.1809310694939874
2021-05-17,0.00456602035943054,-0.17719118408152001
2021-05-18,-0.0034405585550590836,-0.1800221059923064
2021-05-19,-0.01625567749133475,-0.19335140218731928
2021-05-20,0.0023204094625871637,-0.19147964714797194
2021-05-21,0.012132653760629494,-0.18167014964839634
2021-05-24,0.021117110281161804,-0.16438938795215485
2021-05-25,-0.00408012002036735,-0.16779877953960276
2021-05-26,-0.0034537863521204204,-0.17067302475704682
2021-05-27,0.0034177728959638373,-0.16783857349916975
2021-05-28,-0.009171393616252655,-0.17547065349387114
2021-05-31,-0.0011524097170586205,-0.17642084912478484
2021-06-01,0.014099040828088352,-0.16480917305143283
2021-06-02,0.017385356323307944,-0.15028908292697374
2021-06-03,-0.005112924591310087,-0.15463359077038108
2021-06-04,-0.012579575593827204,-0.1652679414197673
2021-06-07,-0.01871989372835066,-0.18089403684803662
2021-06-08,0.01526342096664904,-0.1683916777161556
2021-06-09,-0.03328195358642021,-0.19606922730048726
2021-06-10,-0.007488829879402559,-0.2020897280920506
2021-06-11,-0.015113201725556632,-0.2141487069902892
2021-06-14,-0.0032055483746873652,-0.21666779132534242
2021-06-15,0.004299371612631342,-0.2132999550641067
2021-06-16,-0.01921009460250174,-0.22841253735111766
2021-06-17,-0.015517577770347806,-0.240385705809397
2021-06-18,-0.018759641096984123,-0.25463579734055164
2021-06-21,0.00044379035994820525,-0.254305011892761
2021-06-22,-0.0045792306733009845,-0.25771972125522846
2021-06-23,-0.007723952748867935,-0.26345305905466965
2021-06-24,-0.013032358420766834,-0.2730520027827886
2021-06-25,-0.014887603488868986,-0.2838745163223859
2021-06-28,0.008698446886486414,-0.27764533683855686
2021-06-29,0.0013879124137315645,-0.2766427718344383
2021-06-30,-0.016615198418732012,-0.2886614957080331
2021-07-01,0.014917625437390052,-0.2780500143418123
2021-07-02,-0.011483836757109409,-0.28634077012390846
2021-07-05,-0.005797816781109969,-0.2904784355828781
2021-07-06,-0.021212760601308313,-0.3055293466703243
2021-07-07,0.0019059762347044496,-0.30420570210937825
2021-07-08,0.00021866450918075174,-0.3040535565907392
2021-07-09,-0.005196804179806707,-0.30767025397677006
2021-07-12,-0.004260999150721454,-0.31062027043659424
2021-07-13,0.021293046932594914,-0.295941275500621
2021-07-14,0.006276010924779196,-0.2915225952539767
2021-07-15,-0.008731806651830265,-0.29770888296940945
2021-07-16,0.013076261084646358,-0.2885255409656895
2021-07-19,-0.011066261577715931,-0.2963989034352271
2021-07-20,-0.007680281308787127,-0.30180275778601573
2021-07-21,0.01669193662606911,-0.29014849366648365
2021-07-22,0.010888231406287894,-0.2824194662014222
2021-07-23,-0.01548617284249542,-0.2935320423762371
2021-07-26,0.01345221101805134,-0.28402848633279054
2021-07-27,0.01821992484326888,-0.27098353916385254
2021-07-28,-0.016102263255745035,-0.2827223541340077
2021-07-29,-0.017121823999455416,-0.29500345574526887
2021-07-30,0.006053536993131447,-0.2907357330845931
2021-08-02,0.00047618901564157583,-0.29039798923150095
2021-08-03,-0.008988848089881036,-0.29677649391057304
2021-08-04,0.021683620553690455,-0.28152806224009397
2021-08-05,0.0017321134234923763,-0.2802835873522974
2021-08-06,-0.006884249965788203,-0.2852382950414446
2021-08-09,-0.005558257628199772,-0.2892111247403756
2021-08-10,-0.0023209380264548572,-0.2908608216697467
2021-08-11,-0.003576464995277199,-0.2933970331178245
2021-08-12,-0.00012613535212609942,-0.2934861607318655
2021-08-13,-0.011132845138514341,-0.3013516698926548
2021-08-16,0.012481855050304459,-0.29263124270511764
2021-08-17,0.016297990014113813,-0.28110255376242954
2021-08-18,-0.004095548280473232,-0.28404683296220445
2021-08-19,-0.0326636724151524,-0.3074324926749179
2021-08-20,0.029027417700345615,-0.2873290463541056
2021-08-23,0.012893525304705656,-0.2781402053793436
2021-08-24,-0.005225890760984317,-0.2819125658107777
2021-08-25,-0.004077150486241446,-0.28484031634224616
2021-08-26,-0.002974687738924192,-0.2869676930845958
2021-08-27,-0.007425282492860395,-0.29226215938997857
2021-08-30,-0.025668008504356018,-0.31042838030161113
2021-08-31,0.006625568984653777,-0.30585957596544
2021-09-01,-0.0287515826311276,-0.3258172117246756
2021-09-02,-0.0024361516099458604,-0.3274596232097303
2021-09-03,-0.006256076732767008,-0.33166708741281425
2021-09-06,0.001197812680118175,-0.33086654977557695
2021-09-07,-0.024479578853112097,-0.34724665483360073
2021-09-08,0.008319445710297673,-0.34181610881627367
2021-09-09,0.014422764394664705,-0.3323232776253672
2021-09-10,-0.0023347618060627334,-0.3338821437355646
2021-09-13,-0.009662281826095654,-0.34031836219218625
2021-09-14,-0.008439512907011101,-0.34588575388898346
2021-09-15,-0.025292355083714416,-0.3624298436669394
2021-09-16,-0.014513362805550862,-0.37168313065979286
2021-09-17,0.00973248530105902,-0.36556804596453185
2021-09-20,0.004695429398018233,-0.36258911551651163
2021-09-21,-0.018001391309020523,-0.37406339827272783
2021-09-22,0.015555166600150515,-0.36432685015172805
2021-09-23,-0.004024961088572594,-0.3668854098449178
2021-09-24,0.002696746848155086,-0.365178060069396
2021-09-27,-0.038766532504833286,-0.38978790543849706
2021-09-28,-0.004339974169026634,-0.39243621016652164
2021-09-29,-0.01519747584476247,-0.40166964618666834
2021-09-30,-0.005804714131103392,-0.4051427828465167
2021-10-01,0.006234243721585445,-0.4014342979752379
2021-10-04,0.02591284988774046,-0.38592375479072016
2021-10-05,-0.013121393788791545,-0.39398129102045365
2021-10-06,0.01960304327819765,-0.38210148004093014
2021-10-07,0.01717912481430782,-0.3714865242439772
2021-10-08,-0.013985809188648318,-0.3802767937883951
2021-10-11,0.011279372530922871,-0.37328670487947646
2021-10-12,0.017931552485463808,-0.3620487625346849
2021-10-13,0.0016105296155303414,-0.3610213231734827
2021-10-14,0.01386905020357098,-0.3521592958255644
2021-10-15,0.0096596863878301,-0.34590135779396836
2021-10-18,-0.004527007391973906,-0.3488624671823152
2021-10-19,0.026195674173523142,-0.3318054805304713
2021-10-20,0.012911711034707899,-0.3231779459801053
2021-10-21,0.01574730529217152,-0.3125198224669794
2021-10-22,0.010986905840335268,-0.3049665424893271
2021-10-25,-0.006417804410230276,-0.30942713127819677
2021-10-26,-0.00942254663004395,-0.31593408633517117
2021-10-27,0.010414604450351441,-0.30880981042638367
2021-10-28,-0.006499916483125609,-0.31330248893256796
2021-10-29,0.007658362242997593,-0.30804351064144875
2021-11-01,0.014102951276896552,-0.29828488198629266
2021-11-02,-0.010093764251719452,-0.3053678289593905
2021-11-03,0.006492816628109281,-0.3008577096488384
2021-11-04,0.00467275127365714,-0.29759079162113244
2021-11-05,0.012112735462486953,-0.28908269469362424
2021-11-08,-0.008234606522414247,-0.29493681897279733
2021-11-09,0.00033709776465730944,-0.29469914375053086
2021-11-10,-0.007073890158184767,-0.29968836453611325
2021-11-11,-0.015558984464472429,-0.31058450239258517
2021-11-12,0.018039084154121927,-0.29814807821408906
2021-11-15,0.011199980721679208,-0.29028735022061336
2021-11-16,0.006917544925928564,-0.2853778810812646
2021-11-17,-0.002700642319297981,-0.28730781981792297
2021-11-18,0.016250894902404625,-0.27572593410001833
2021-11-19,0.015550195617817635,-0.26446333069436145
2021-11-22,-0.0074125233968084375,-0.2699155134648
2021-11-23,-0.0012261246541746245,-0.2708106880533713
2021-11-24,0.0015035455896965522,-0.26971431867934004
2021-11-25,6.958954314708211e-05,-0.2696634984324101
2021-11-26,-0.005461930810730241,-0.2736525458725231
2021-11-29,0.00868704318119026,-0.26734273417397003
2021-11-30,0.003945672342817633,-0.2644519086634358
2021-12-01,-0.031080956094042853,-0.28731344659532454
2021-12-02,-0.01751372403825972,-0.2997952422174325
2021-12-03,0.00897985598851227,-0.2935075043300739
2021-12-06,-0.00019071881592985264,-0.29364224574231135
2021-12-07,-0.010132057856516545,-0.30079910337584936
2021-12-08,-0.029833508503921094,-0.32165871927123524
2021-12-09,0.016259649630910762,-0.31062912771640216
2021-12-10,0.004576388618711999,-0.30747429870241194
2021-12-13,-0.00892766972955924,-0.31365693944282824
2021-12-14,0.012573594186173894,-0.3050271403268857
2021-12-15,-0.003296477552551065,-0.3073181027584303
2021-12-16,0.01301026810405995,-0.29830612556448854
2021-12-17,0.00927892845508386,-0.2917951583062308
2021-12-20,-0.025160679953756475,-0.30961407366978855
2021-12-21,-0.0030618448408081733,-0.3117279282564893
2021-12-22,0.004991569020236066,-0.3082923707056807
2021-12-23,-0.011967121576687882,-0.3165701200009684
2021-12-24,-0.0036139901734645124,-0.31904002887153693
2021-12-27,0.002762627581176555,-0.31715879007362024
2021-12-28,-0.019826535781937188,-0.3306971657556069
2021-12-29,-0.004105214072691245,-0.33344479716963915
2021-12-30,-0.0005206608085048022,-0.3337918463404579
2021-12-31,-0.019686460542553692,-0.346907126870604
2022-01-03,0.0050154408402526855,-0.3436315782022328
2022-01-04,0.011307855274000638,-0.3362094590821194
2022-01-05,0.0005775715722307844,-0.33582607253576957
2022-01-06,-0.005581854275899308,-0.3395333946127266
2022-01-07,0.013176510584460998,-0.3308307493961581
2022-01-10,0.0008271182874254376,-0.3302772672716008
2022-01-11,-0.0007543783799386764,-0.33078249162172446
2022-01-12,-0.008645000645931582,-0.33656787741392336
2022-01-13,0.0012828785982073347,-0.3357167745424944
2022-01-14,0.007925241005631996,-0.330452169884745
2022-01-17,0.003912960792763055,-0.3278322554766244
2022-01-18,-0.009922343027236873,-0.3345017344096295
2022-01-19,-0.005341103668578727,-0.338056229637407
2022-01-20,0.0042097340239905644,-0.335269622425343
2022-01-21,-0.005021973847557463,-0.33860788099719985
2022-01-24,0.014304339326484426,-0.32914710369912126
2022-01-25,0.002627606391719712,-0.3273843663408974
2022-01-26,0.0048622739354239365,-0.324113924876798
2022-01-27,0.0073789290402892175,-0.3191266094891443
2022-01-28,0.005404916265133837,-0.3154465458262754
2022-01-31,-0.010888467231192158,-0.3229002836800454
2022-02-01,0.011987256601919889,-0.31478371563543095
2022-02-02,0.011792105662884977,-0.30670357280827454
2022-02-03,0.0098993663642995,-0.29984037747644376
2022-02-04,-0.015145111457119722,-0.31044437299733785
2022-02-07,-0.008994788821048007,-0.3166467802425921
2022-02-08,0.0002733879136984207,-0.3164599597315235
2022-02-09,0.03071248434445226,-0.29546674694597175
2022-02-10,-0.023537590369216186,-0.31204976205784885
2022-02-11,-0.014766221788084802,-0.32220818785046834
2022-02-14,-0.028909427404103214,-0.3418027610389007
2022-02-15,-0.01349476387354662,-0.3506849773609011
2022-02-16,0.003139690543248432,-0.34864632912473204
2022-02-17,6.051215628405469e-05,-0.3486069143096039
2022-02-18,-0.0042885038432035425,-0.35140041606102335
2022-02-21,0.021547188675306445,-0.33742491845116496
2022-02-22,0.034335129360426125,-0.31467531731519083
2022-02-23,-0.013489941738444486,-0.3239203073565269
2022-02-24,0.018497129212705556,-0.3114147739236143
2022-02-25,-0.009511786540633654,-0.3179644496090869
2022-02-28,0.01613725638161402,-0.30695826707105345
2022-03-01,0.01647684236359013,-0.29553912768619384
2022-03-02,-6.161058068466976e-05,-0.29558252992960676
2022-03-03,-0.0047278850575425925,-0.2989129347606245
2022-03-04,-0.0012397578044155695,-0.29978211292132984
2022-03-07,-0.01558986157700888,-0.31069841285463196
2022-03-08,0.015470674942944993,-0.3000344520622499
2022-03-09,0.008716195944278657,-0.29393341519217997
2022-03-10,-0.012472427992209337,-0.30273977982890066
2022-03-11,-0.028099716039637197,-0.32233259402144354
2022-03-14,-0.008592261020463326,-0.32815528925867155
2022-03-15,0.015900671302245165,-0.3174725073470217
2022-03-16,-0.005540847383123475,-0.3212542880185978
2022-03-17,0.005659693917099317,-0.3174127950412393
2022-03-18,0.008155319369830463,-0.3118460783870407
2022-03-21,-0.012779366810133277,-0.3206402497731644
2022-03-22,-0.002948562767780293,-0.32264338463861175
2022-03-23,0.014670715958385575,-0.3127060781321114
2022-03-24,-0.014151624542841586,-0.32243240366496284
2022-03-25,0.0351359116633176,-0.29862544845420846
2022-03-28,0.00885784657880566,-0.2924127802823373
2022-03-29,-0.01131188891191925,-0.3004169283072773
2022-03-30,-0.01981420181841496,-0.3142786084785436
2022-03-31,-0.012857988567134333,-0.323095606290966
2022-04-01,-0.016455910920446595,-0.33423468469550077
2022-04-04,0.020315634784539762,-0.3207092396975607
2022-04-05,0.00031646228274349436,-0.32049426979290885
2022-04-06,-0.010064801082218707,-0.327333359801671
2022-04-07,-0.042877154040445044,-0.35617539095132333
2022-04-08,0.00029533116632551653,-0.355985249478624
2022-04-11,-0.0031900958192526913,-0.35803971824179925
2022-04-12,-0.006855935947714002,-0.36244095681450994
2022-04-13,0.005713251467736433,-0.35879842167526177
2022-04-14,-0.0029954106293422524,-0.3607190836985268
2022-04-15,0.02162739008180694,-0.3468931059498198
2022-04-18,-0.0021534740823696682,-0.34829955471917384
2022-04-19,-0.007346299364058143,-0.3530871412858968
2022-04-20,0.0003943752482944789,-0.35283201486661653
2022-04-21,0.0002849368290480485,-0.3526476128730712
2022-04-22,-0.01174033138600358,-0.3602477444214619
2022-04-25,-0.00912637070320996,-0.3660863606640864
2022-04-26,0.005359094296906158,-0.36268915769479027
2022-04-27,-0.017653454218841028,-0.3739398954725963
2022-04-28,-0.009951094568969138,-0.3801698787786072
2022-04-29,-0.011572627277329597,-0.3873429417467643
2022-05-02,-0.03656224724790703,-0.4097430605887945
2022-05-03,0.010944288659235402,-0.40328311826076146
2022-05-04,0.004351590695618816,-0.4006864506302663
2022-05-05,0.003701709023294279,-0.3984679662567818
2022-05-06,-0.013628445405935864,-0.4066659127385729
2022-05-09,0.0039386011027670665,-0.4043290064481757
2022-05-10,-0.00582548059276071,-0.4077990762607824
2022-05-11,-0.014072209440355284,-0.41613265169041247
2022-05-12,-0.004619833415314839,-0.4188300215762444
2022-05-13,0.00667791744044256,-0.41494901644146676
2022-05-16,-0.014790209411329082,-0.4236020430046016
2022-05-17,0.014460057565942387,-0.4152672953655565
2022-05-18,0.018436977966078162,-0.404486591374166
2022-05-19,0.001031913973423183,-0.4038720727664441
2022-05-20,-0.0011821101364115072,-0.4045767616318249
2022-05-23,-0.0022287653733830248,-0.4059038203280074
2022-05-24,0.023211958359496656,-0.39211368454392503
2022-05-25,0.00027018230291213623,-0.39194944441930635
2022-05-26,-0.006130858329026117,-0.3956773162324573
2022-05-27,0.022807625208426767,-0.38189415095613655
2022-05-30,-0.017311335895848375,-0.3925943889281234
2022-05-31,-0.004619338895870051,-0.3954002012929174
2022-06-01,-0.0020815888655112036,-0.39665872950199643
2022-06-02,-0.005970488488621127,-0.40026097161221486
2022-06-03,-0.004668246656975399,-0.4030607013265438
2022-06-06,0.0019223879867722286,-0.40191315238994174
2022-06-07,-0.0058896521696177526,-0.4054356758895882
2022-06-08,0.011121604213425692,-0.39882316679740926
2022-06-09,-0.017646597922602824,-0.40943189265331903
2022-06-10,0.006556500984504145,-0.40555983227608383
2022-06-13,0.0007861799064880449,-0.40509249536060987
2022-06-14,-0.002415670440220853,-0.40652959583423276
2022-06-15,0.007119191695758494,-0.40230456626121736
2022-06-16,0.012264679537008077,-0.3949740233056782
2022-06-17,0.007324166223694844,-0.39054271248271566
2022-06-20,0.028856654203798737,-0.37295581428484426
2022-06-21,-0.005328310519079096,-0.37629690041551767
2022-06-22,-0.01115628274304013,-0.3832551085421927
2022-06-23,0.002720180727914176,-0.38157745097440965
2022-06-24,0.005581610073070191,-0.37812565744535476
2022-06-27,-0.011204448296314265,-0.38509341636331273
2022-06-28,-0.013177693495526853,-0.3931964668508585
2022-06-29,-0.006423575343612525,-0.3970943150648123
2022-06-30,-0.03286292506115971,-0.41690755940778457
2022-07-01,0.005278882442592935,-0.41382948296073363
2022-07-04,0.007811935051392012,-0.40925035695258194
2022-07-05,0.002939892631311231,-0.40751361643003703
2022-07-06,0.008139215478598721,-0.40269124208602547
2022-07-07,-0.008412640150645297,-0.40771618572518464
2022-07-08,-0.006136250939981163,-0.4113505878372641
2022-07-11,-0.008769155050212389,-0.41651254580273545
2022-07-12,0.022878336853269968,-0.4031633232759535
2022-07-13,-0.025525339265429464,-0.41839778193538624
2022-07-14,0.0034624957400226095,-0.41638398673294974
2022-07-15,0.004806097336182824,-0.4135790713662334
2022-07-18,0.017622160626908762,-0.4032450675668682
2022-07-19,-0.01108530142236092,-0.4098602758681701
2022-07-20,-0.0005681811124864318,-0.41019558211314977
2022-07-21,-0.03025785869192396,-0.4280418008454425
2022-07-22,0.030002825160327522,-0.41088143899719254
2022-07-25,-0.009065172473123582,-0.41622190035980133
2022-07-26,-0.002084842449517789,-0.41743898572303006
2022-07-27,-0.0028656504633347984,-0.4191084019635136
2022-07-28,0.009264890420440876,-0.41372650496155083
2022-07-29,-0.004965529062609447,-0.4166376630398019
2022-08-01,-0.014637640796007314,-0.42517671138214463
2022-08-02,-0.02551703937925222,-0.4398444998739177
2022-08-03,0.014405570428196096,-0.4317751403661101
2022-08-04,-0.006495559966360086,-0.43546607901623857
2022-08-05,-0.01272852099293675,-0.44265176088070524
2022-08-08,-0.03407385169884295,-0.4616427621250673
2022-08-09,0.0065137104287381845,-0.4581360589703346
2022-08-10,0.0067233543120873976,-0.45449291570584804
2022-08-11,-0.005902697167422232,-0.45771287882711986
2022-08-12,0.0094546620066273,-0.45258573738588326
2022-08-15,-0.0052720341004476945,-0.4554717240454563
2022-08-16,0.008584279325851759,-0.4507973412238381
2022-08-17,0.012825063623603685,-0.4437537821827815
2022-08-18,-0.006782573292928019,-0.4475265629240408
2022-08-19,0.00329065005917763,-0.4457085661756327
2022-08-22,-0.017074142033788965,-0.45517261684486254
2022-08-23,0.007997763762349848,-0.45081521614312847
2022-08-24,0.023160521559568915,-0.4380958101164242
2022-08-25,-0.005880293718778141,-0.44139997179475177
2022-08-26,0.009718281084835143,-0.43597133970665636
2022-08-29,-0.013972887835206338,-0.443852448912777
2022-08-30,0.013006848604293294,-0.436618721914137
2022-08-31,0.0347493233549004,-0.41704160370983434
2022-09-01,-0.0019325284195771493,-0.41816818737809625
2022-09-02,-0.011980293461754707,-0.4251387032386913
2022-09-05,0.004267124010717987,-0.4226856987964487
2022-09-06,0.01737427024158121,-0.41265528411300867
2022-09-07,0.024275540449729918,-0.39839717370455885
2022-09-08,-0.011134422145760261,-0.4050956735366148
2022-09-09,0.007284673189342136,-0.4007619899394034
2022-09-12,-0.0003902050660940914,-0.40099581564672515
2022-09-13,0.004160343559793945,-0.3985037524460614
2022-09-14,0.00336503559906198,-0.3964796961603402
2022-09-15,0.008015245759560407,-0.3916423326041808
2022-09-16,0.013716106136632777,-0.3832980342691453
2022-09-19,-0.012723781591569488,-0.39114481538819634
2022-09-20,0.004379936679334296,-0.38847806823271225
2022-09-21,0.021184373067581704,-0.3755233594911457
2022-09-22,-0.02078405720847674,-0.38850251771283906
2022-09-23,0.030239568696127105,-0.3700110975897076
2022-09-26,-0.00032864111285773137,-0.37021813784368374
2022-09-27,0.010454600871403093,-0.3636340198387905
2022-09-28,-0.0023467319120103834,-0.3651274001921526
2022-09-29,0.016289581943627417,-0.3547855909538189
2022-09-30,-0.008352742564914497,-0.36017490081175507
2022-10-03,0.012309034564764731,-0.35229927155044294
2022-10-04,0.004512790102984655,-0.34937633411339986
2022-10-05,-0.014594787949408893,-0.35887204855188193
2022-10-06,0.0331370495378599,-0.337626959864639
2022-10-07,0.02418507446311486,-0.32160741856660546
2022-10-10,-0.0028209104183387107,-0.32352110326729466
2022-10-11,0.010579484563780505,-0.31636430522158776
2022-10-12,0.010204247292502713,-0.3093883175340869
2022-10-13,0.0086006325405034,-0.30344862022501873
2022-10-14,-0.007585819770739862,-0.30873253345305196
2022-10-17,-0.001335521724637515,-0.30965573617216047
2022-10-18,0.00470480818660865,-0.30640779882812497
2022-10-19,-0.017292218779786143,-0.31840154691474243
2022-10-20,0.0012794225210743856,-0.31752949450353574
2022-10-21,-0.011740770511210495,-0.3255422240892395
2022-10-24,-0.0018808905231062437,-0.3268108053281854
2022-10-25,0.00694482134303488,-0.32213562664112805
2022-10-26,0.016484617139503818,-0.3109612919737973
2022-10-27,0.0037069884286880066,-0.308407033456226
2022-10-28,-0.01985841639993535,-0.3221409745651188
2022-10-31,-0.008695356704815483,-0.32803520058685365
2022-11-01,0.013227654104692196,-0.3191466826496876
2022-11-02,-0.02752731794478309,-0.33788874839014993
2022-11-03,0.00720245302139305,-0.3331199232054942
2022-11-04,-0.017019521898504544,-0.34446990327617466
2022-11-07,0.005335438497385397,-0.34097236276191956
2022-11-08,0.00020887331056098583,-0.34083470947757843
2022-11-09,0.0040607855756795,-0.3381579805738364
2022-11-10,0.004424081301066469,-0.33522993767143294
2022-11-11,-0.011919752041538738,-0.3431538319790277
2022-11-14,0.005741726489803384,-0.33938240093637584
2022-11-15,0.015798142628510904,-0.3289458698834642
2022-11-16,-0.007525187258915518,-0.33399567787345974
2022-11-17,0.02779296663139389,-0.3154854419722327
2022-11-18,0.0006055223173848947,-0.31507095313077205
2022-11-21,-0.002996167069677742,-0.3171231149860674
2022-11-22,0.0038660332294561716,-0.31448309025697596
2022-11-23,0.00994534134408074,-0.30766539059244224
2022-11-24,-0.015124438321679704,-0.31813656269039114
2022-11-25,-0.0008665263956410228,-0.3187274153570424
2022-11-28,0.003257904624603022,-0.3165078942529188
2022-11-29,-0.007653879598038231,-0.3217392605365166
2022-11-30,-0.007567812060432155,-0.326872210340746
2022-12-01,-0.00030539085594007284,-0.32707777741258703
2022-12-02,0.01128715783852401,-0.31948239807319245
2022-12-05,-0.0004377191756209896,-0.3197802736769034
2022-12-06,-0.0247080626629554,-0.33658718529947285
2022-12-07,-0.014237314741119203,-0.346032402345656
2022-12-08,0.003090383763589366,-0.3440113914999515
2022-12-09,-0.005221325238923552,-0.3474365213779592
2022-12-12,0.012314564992648946,-0.3394004860086389
2022-12-13,0.010799339703433105,-0.33226644744912337
2022-12-14,-0.0175025778376694,-0.34395350592746865
2022-12-15,0.02102824208978426,-0.33015800142795726
2022-12-16,-0.000539718603073891,-0.3305195276157068
2022-12-19,-0.013101251556795854,-0.3392905596967759
2022-12-20,-0.0044474528022376714,-0.3422290337485173
2022-12-21,-0.008621281504591318,-0.3478998624141184
2022-12-22,0.0076259842280881895,-0.3429269570497544
2022-12-23,-0.0191023638861859,-0.3554786054159934
2022-12-26,-0.004900039675128621,-0.3586367858209243
2022-12-27,0.020657274567689753,-0.345387969808011
2022-12-28,-0.015010144613779405,-0.3552137910471125
2022-12-29,-0.011244681248870538,-0.3624642064404554
2022-12-30,0.017499550326017306,-0.35130761673642275
2023-01-02,-0.019452394049125823,-0.36392623659233236
2023-01-03,0.010964902891569149,-0.35695174954469244
2023-01-04,-0.005811854778436709,-0.36068905259186645
2023-01-05,0.026504093445794092,-0.3437446955008422
2023-01-06,-0.012522699843325179,-0.35196278369967515
2023-01-09,0.003536937452661041,-0.34967071659862436
2023-01-10,-0.007290961852391375,-0.35441224259539683
2023-01-11,0.031230163955566152,-0.3342504310839448
2023-01-12,-0.010864738990808686,-0.3414836263834611
2023-01-13,0.010568899672319033,-0.3345238328981286
2023-01-16,0.03586225060511543,-0.3106583598217897
2023-01-17,0.028017855103106,-0.2913444856307391
2023-01-18,0.0025206683197471005,-0.2895582001260544
2023-01-19,-0.022284809777705465,-0.3053902604943759
2023-01-20,0.00523365814557806,-0.30175491057321446
2023-01-23,-0.006008231958755332,-0.30595012903455243
2023-01-24,0.008729871272664445,-0.2998911630042147
2023-01-25,0.010084146886081152,-0.29283116265570586
2023-01-26,0.008886499244767091,-0.28654690731672305
2023-01-27,-0.004912822924019768,-0.29005197602567023
2023-01-30,-0.011524511651058228,-0.29823378029960823
2023-01-31,-0.014592883397458439,-0.30847457291597125
2023-02-01,0.022081360098870215,-0.2932047509430037
2023-02-02,0.008701995136892869,-0.28705422212293064
2023-02-03,-0.000631233618430363,-0.2875042574660446
2023-02-06,0.006332623180185008,-0.28299229041109086
2023-02-07,-0.010256746119219656,-0.2903464564538675
2023-02-08,-0.015082957157887504,-0.3010501304481169
2023-02-09,0.0220595204508087,-0.28563163150664705
2023-02-10,0.0344742727648675,-0.2610043015166138
2023-02-13,0.02071733761166021,-0.24569427813756883
2023-02-14,-0.0018384340031460163,-0.24708101942540828
2023-02-15,0.00903299490051664,-0.2402799061133759
2023-02-16,-0.022297477864184043,-0.25721974808978876
2023-02-17,-0.005422357308635107,-0.26124736801744397
2023-02-20,-0.016284583089656995,-0.27327764663566667
2023-02-21,-0.013988677019181639,-0.2834435309194999
2023-02-22,0.019806955096439597,-0.26925072911235903
2023-02-23,-0.006271399667827694,-0.2738335498470692
2023-02-24,0.0019418304203101602,-0.2724234577439535
2023-02-27,0.014436845219974518,-0.26191954781771865
2023-02-28,-0.009920393047096894,-0.26924159600374586
2023-03-01,0.02067158559318673,-0.2541356611075968
2023-03-02,-0.0034361109243727134,-0.25669853371056495
2023-03-03,0.00787636248191447,-0.2508440219287308
2023-03-06,-0.019701594484153442,-0.26560358921407023
2023-03-07,-0.008693643178121196,-0.271988169560736
2023-03-08,-0.003801775441843876,-0.2747559070590718
2023-03-09,-0.0002507641450310086,-0.274937772273977
2023-03-10,-0.020339799076262884,-0.28968539230371193
2023-03-13,-0.00010740895814245408,-0.2897616864556779
2023-03-14,0.005607754779283629,-0.2857788441584693
2023-03-15,0.00023065335429209126,-0.285614106653168
2023-03-16,-0.0036532494228335294,-0.28822393650571776
2023-03-17,0.007504970701716374,-0.28288207800301024
2023-03-20,0.0053499317756698795,-0.27904554604521625
2023-03-21,-0.011884997251525375,-0.2876140877489438
2023-03-22,-0.01091311808231071,-0.2953884393295142
2023-03-23,-0.010219536133352523,-0.3025892426337641
2023-03-24,0.03429689877366594,-0.27867021648470847
2023-03-27,-0.0032144271007353287,-0.28098887848940757
2023-03-28,0.008075118930593867,-0.27518277817078984
2023-03-29,-0.038047305831854894,-0.30276012068192126
2023-03-30,0.03899269721135797,-0.2755728571839877
2023-03-31,0.007083363295973541,-0.27044147654995787
2023-04-03,-0.019128370002471317,-0.284396741924967
2023-04-04,-0.012349835511383253,-0.29323432445360365
2023-04-05,-0.007962013389576434,-0.2988616022255971
2023-04-06,-0.00938876443138081,-0.30544442547609674
2023-04-07,-0.014876095318342835,-0.3157767004066008
2023-04-10,0.01785234442575903,-0.30356171039813007
2023-04-11,0.006398262168523437,-0.29910571563705923
2023-04-12,0.011323531113231838,-0.29116911740098916
2023-04-13,0.004518369348563955,-0.28796635766773826
2023-04-14,0.027302969103064074,-0.2685257251307983
2023-04-17,-0.00207823081734853,-0.2700458975109291
2023-04-18,-0.009823592059400327,-0.2772166688358674
2023-04-19,0.002685197532781811,-0.2752758528182897
2023-04-20,0.007113135728840557,-0.27012079159341795
2023-04-21,-0.006218093596564849,-0.27465924882547676
2023-04-24,0.027887310539806517,-0.25443144605029633
2023-04-25,-0.0007198049453757322,-0.25496810998254593
2023-04-26,-0.004365155000550895,-0.2582202896628255
2023-04-27,-0.016374483537036633,-0.2703665493178494
2023-04-28,0.019313800277815377,-0.2562745545753611
2023-05-01,-0.013614855827686664,-0.26640026929019955
2023-05-02,0.002549751353553873,-0.26452977238385544
2023-05-03,0.03237720149353076,-0.2407173046318345
2023-05-04,-0.015774664379278536,-0.25269473432026135
2023-05-05,-0.013335029605813023,-0.2626600721626806
2023-05-08,-0.016398483981220985,-0.2747513291580356
2023-05-09,0.0145895265411752,-0.2641702944258346
2023-05-10,0.0081800852999252,-0.25815114466801914
2023-05-11,0.004505644265600237,-0.2548086376270505
2023-05-12,0.010671011553955109,-0.2468566919892613
2023-05-15,0.008780952985402428,-0.24024337601034862
2023-05-16,-0.009975224289483556,-0.2478221187400662
2023-05-17,0.016105549617192697,-0.2357078805524795
2023-05-18,-0.009020397957757272,-0.24260209962587387
2023-05-19,0.00709840792989461,-0.23722578036377262
2023-05-22,-0.007216144975296083,-0.24273006971608602
2023-05-23,0.004954607635877207,-0.23897809433708106
2023-05-24,0.013924163452294665,-0.22838150093185383
2023-05-25,-0.005176497606620811,-0.23237578224550448
2023-05-26,-0.026999947823713826,-0.253101596073095
2023-05-29,0.0005009253188629839,-0.25272745575194966
2023-05-30,-0.01155722620019536,-0.2613638535790199
2023-05-31,-0.01686405559241523,-0.2738202546148307
2023-06-01,-0.014721513771397653,-0.2845107197370286
2023-06-02,0.016466307160939903,-0.2727292534778587
2023-06-05,0.017272667820271575,-0.2601673474577809
2023-06-06,-0.012091134311034714,-0.2691127634273579
2023-06-07,-0.003260630327890671,-0.27149591651719485
2023-06-08,-0.015155956471726392,-0.2825370926959352
2023-06-09,0.005802489490777524,-0.2783740217162807
2023-06-12,-0.0020510464621374177,-0.2798541101260259
2023-06-13,0.0076499837068053035,-0.2743450058019672
2023-06-14,-0.008187251519997609,-0.2802861257562089
2023-06-15,0.006013392760276914,-0.2759582035553604
2023-06-16,0.003801174230667962,-0.2732059945367884
2023-06-19,-0.009431573641356371,-0.280060805721411
2023-06-20,-0.0058081902485816565,-0.2842423495291917
2023-06-21,-0.003098686636603156,-0.28646025819575205
2023-06-22,0.006301315848131735,-0.28196401891244904
2023-06-23,0.02726368417908928,-0.2623877126948556
2023-06-26,-0.004793556969538039,-0.2659234992154841
2023-06-27,0.020484189926138516,-0.2508865367530989
2023-06-28,-0.008620649202324583,-0.2573443811324889
2023-06-29,0.009507970556237482,-0.25028323337487224
2023-06-30,-0.022246867546971513,-0.2669620829797251
2023-07-03,0.0075656909335433415,-0.2614161446569814
2023-07-04,-0.003965931885504086,-0.26434531791900484
2023-07-05,-0.007955634245131798,-0.27019791750035993
2023-07-06,0.03067223256194198,-0.2478132583017414
2023-07-07,-0.0010499183488930485,-0.2486029929636444
2023-07-10,-0.02067603926694439,-0.2641389069861926
2023-07-11,0.013520623586204893,-0.25418960613581965
2023-07-12,0.009462057633261377,-0.24713270520559139
2023-07-13,0.014875919250499636,-0.2359331121218876
2023-07-14,-0.01138267279255135,-0.24463023549822716
2023-07-17,-0.0008879806451747062,-0.24530098922905486
2023-07-18,-0.000581506912953042,-0.245739851921017
2023-07-19,0.0010067162601015117,-0.24498052596559927
2023-07-20,-0.016024115815981312,-0.2570790454608478
2023-07-21,-0.007677957470050558,-0.2627831609534087
2023-07-24,0.01811493322541429,-0.2494285271414287
2023-07-25,-0.013184019260722057,-0.2593240758961447
2023-07-26,0.0021161431947523115,-0.2577566995798355
2023-07-27,-0.010489191771771083,-0.26554223189925485
2023-07-28,-0.017009254929972944,-0.27803481131217944
2023-07-31,-0.0221374969472701,-0.29401731347279136
2023-08-01,0.0029192759110820707,-0.2919563552223715
2023-08-02,0.004079449592953093,-0.2890679268638904
2023-08-03,-0.0008218788067738125,-0.28965222686785663
2023-08-04,-0.011082579858753081,-0.29752471279108106
2023-08-07,0.00016784918190302506,-0.29740680288881594
2023-08-08,0.017054423597820785,-0.2854244808883346
2023-08-09,0.016361448080095924,-0.27373299063308143
2023-08-10,0.013659558623214827,-0.2638125038425271
2023-08-11,0.009779458288008198,-0.2566129889317019
2023-08-14,0.00514321978528628,-0.25278958614825064
2023-08-15,0.0010239941472225678,-0.25202444705772276
2023-08-16,-0.0012559190599681644,-0.2529638438110532
2023-08-17,-0.004758446451714471,-0.2565185753577729
2023-08-18,0.006066002107044327,-0.25200861546934494
2023-08-21,-0.004730731934844792,-0.25554716219913287
2023-08-22,-0.00034272519845836985,-0.2558023049457111
2023-08-23,-0.012481207221497018,-0.26509079059144414
2023-08-24,-0.010002891443672389,-0.27244200763411297
2023-08-25,0.008202561933013126,-0.2664741681418732
2023-08-28,0.0011355500374384767,-0.2656412128560447
2023-08-29,0.014003952579409515,-0.25535728722460804
2023-08-30,0.027578535369059236,-0.23482113183301967
2023-08-31,0.010048606514210603,-0.22713215047382063
2023-09-01,0.01268240970696408,-0.2173303237567894
2023-09-04,-0.005077564297297885,-0.22130437936145964
2023-09-05,0.0007654199932184622,-0.22070835016479118
2023-09-06,-0.003586447168629168,-0.22350323849587905
2023-09-07,-0.002983296586617402,-0.22581975863399384
2023-09-08,0.012390239868043563,-0.21622747974236922
2023-09-11,0.002981047578363292,-0.21389101656886744
2023-09-12,-0.00362556721496588,-0.21674110752658549
2023-09-13,-0.023315067770728504,-0.235002841686629
2023-09-14,0.009662047872541983,-0.2276114025206466
2023-09-15,-0.013290338092186433,-0.23787670811969686
2023-09-18,0.01642916132344568,-0.22535566160903986
2023-09-19,-0.016210490461369936,-0.23791302626748068
2023-09-20,-0.0008655930590841046,-0.23857268346236193
2023-09-21,0.022818830580032878,-0.22119780252728038
2023-09-22,-0.015875392083407984,-0.23356159276757948
2023-09-25,0.026004012585890753,-0.21363111877959762
2023-09-26,0.012093091071893948,-0.204121488282896
2023-09-27,-0.022832426642333058,-0.22229332601788598
2023-09-28,0.0021193285875200224,-0.2206451100310105
2023-09-29,0.002295132685393244,-0.2188563871495216
2023-10-02,-0.023203848109522952,-0.23698192489382808
2023-10-03,0.021931147599578614,-0.22024806286752818
2023-10-04,0.0060707261894726834,-0.2155144023614861
2023-10-05,0.02532668964987911,-0.19564597909529546
2023-10-06,0.002908741292616088,-0.19330632134080816
2023-10-09,0.0029580218438163483,-0.19092010381806568
2023-10-10,-0.022778099840513117,-0.20934940647224975
2023-10-11,0.008617619233471327,-0.20253588071050954
2023-10-12,0.01398086626718593,-0.19138664150584406
2023-10-13,0.003984011027106411,-0.1881651169689379
2023-10-16,0.009655529113504712,-0.18032642162047274
2023-10-17,-0.017213915362486027,-0.19443621322356397
2023-10-18,0.028001610297493696,-0.17187912999647703
2023-10-19,-0.009306764024990519,-0.17958625551776963
2023-10-20,-0.016158593999191846,-0.1928429881262147
2023-10-23,0.0044793155182548386,-0.1892274771972603
2023-10-24,-0.0006333266282602104,-0.18974096102541294
2023-10-25,-0.015827084973751473,-0.20256499968601394
2023-10-26,0.0011437580156160275,-0.20165292701247206
2023-10-27,-0.004948249524950378,-0.20560334753712817
2023-10-30,0.009903578259684416,-0.1977359781202308
2023-10-31,-0.008184566230708118,-0.20430216114181998
2023-11-01,-0.027399038825130305,-0.22610351712176757
2023-11-02,-0.020344236120460542,-0.2418478499022363
2023-11-03,-0.0008984560894022915,-0.24252901631818513
2023-11-06,4.43424009014641e-05,-0.24249542823615544
2023-11-07,-0.014012242220097327,-0.2531097657785415
2023-11-08,-0.005137603152745688,-0.2569469914006326
2023-11-09,-0.017120104271545863,-0.2696681363871396
2023-11-10,0.0304128026840499,-0.24745669752520716
2023-11-13,0.0011024214699500174,-0.24662707763149183
2023-11-14,0.008485844002172713,-0.24023407253681173
2023-11-15,-0.024993830941772738,-0.2592235336831459
2023-11-16,0.011439360011676199,-0.25074952499677006
2023-11-17,0.007764680875866381,-0.2449318341622786
2023-11-20,0.0030634047430249042,-0.24261875476174422
2023-11-21,0.002067096433317852,-0.24105317469105036
2023-11-22,-0.021025596356881653,-0.2570104842963331
2023-11-23,-0.007182471814130904,-0.2623469855510695
2023-11-24,0.034274599901675785,-0.23706422361456736
2023-11-27,0.0054530961227677996,-0.23290386149043907
2023-11-28,0.0038645799671875756,-0.22993935712064817
2023-11-29,0.029642679002478824,-0.20711269667133303
2023-11-30,0.010536127172041282,-0.19875873521036536
2023-12-01,-0.007376457819272769,-0.2046690576031469
2023-12-04,0.01522697550128544,-0.1925585728278557
2023-12-05,0.00440585046676135,-0.18900110663906677
2023-12-06,-0.005810862132877779,-0.19371370939830357
2023-12-07,-0.001089068369783579,-0.194591810294388
2023-12-08,0.011071349448753098,-0.18567485477726953
2023-12-11,-0.0036671486219070925,-0.18866110611135734
2023-12-12,-0.005342433556682723,-0.19299563024390987
2023-12-13,0.01807906877806336,-0.17840574273889176
2023-12-14,-0.02537749241267831,-0.19925574476883556
2023-12-15,-0.012704540071384631,-0.209428832246351
2023-12-18,-0.0032369593071610928,-0.2119878789457844
2023-12-19,-0.011943981510056986,-0.22139988114935671
2023-12-20,0.01834807945756332,-0.20711406430301693
2023-12-21,0.002847587964338351,-0.204856251855433
2023-12-22,-0.007820016206378197,-0.21107428885232382
2023-12-25,-0.017096219114685212,-0.22456193567531335
2023-12-26,0.02948926875810779,-0.20169483419117573
2023-12-27,0.01867963645467598,-0.18678278391397707
2023-12-28,0.0016280800712140666,-0.1854588011708992
2023-12-29,-0.0043739444239244436,-0.1890215591055745
2024-01-01,0.008487500544648158,-0.1821383791467852
2024-01-02,-0.025834038371567013,-0.20326704764253922
2024-01-03,0.018341683687149654,-0.1886536238472697
2024-01-04,-0.007022017450812054,-0.19435091225926737
2024-01-05,-0.00318957406731783,-0.19692058969688342
2024-01-08,-0.016494449430491494,-0.21016694241879708
2024-01-09,-0.0025140216018449454,-0.21215259978740753
2024-01-10,0.020275560640345816,-0.19617855204905832
2024-01-11,-0.009020822759589,-0.20342968286137997
2024-01-12,0.002776694745107443,-0.2012178502476727
2024-01-15,6.65356987035611e-05,-0.20116470271922704
2024-01-16,0.019400731043636453,-0.18566671396851941
2024-01-17,0.014731303819722305,-0.1736705229214769
2024-01-18,0.005086722013893993,-0.16946721457969216
2024-01-19,0.006688443762371625,-0.16391224275160265
2024-01-22,-0.023211933169249428,-0.18331945589648013
2024-01-23,0.017638739798537736,-0.16891424028050983
2024-01-24,0.020366344954752234,-0.15198806101108042
2024-01-25,-0.008823418818774773,-0.159470425512101
2024-01-26,0.013084510230481176,-0.1484725076956922
2024-01-29,0.011663918971493572,-0.1385403600234557
2024-01-30,-0.007216313303088649,-0.1447569226834925
2024-01-31,0.017394915350136052,-0.12988004174978196
2024-02-01,0.0011753037860878766,-0.12885738646849998
2024-02-02,0.0048296103787731845,-0.1246501070607966
2024-02-05,0.012393615691689227,-0.1138013568919467
2024-02-06,-0.0007848316264310344,-0.11449687361435823
2024-02-07,-0.014189455343373372,-0.1270616806826248
2024-02-08,-0.01508936589959731,-0.14023376639058416
2024-02-09,0.0030671248270237594,-0.13759675603004395
2024-02-12,-0.011703890976498389,-0.1476902295752468
2024-02-13,-4.9399684993270106e-05,-0.1477323334094225
2024-02-14,-0.031530266424818085,-0.17460456000228142
2024-02-15,-0.013499899384892171,-0.18574731539499945
2024-02-16,0.011475787187486465,-0.17640312486963294
2024-02-19,0.020232844416115524,-0.15973941743352127
2024-02-20,-0.009083230106938435,-0.16737169765476279
2024-02-21,-0.0005030072909643296,-0.16779051576150572
2024-02-22,-0.01526697275300338,-0.18049583528216584
2024-02-23,0.022724536626021904,-0.16187298287585805
2024-02-26,0.002045364562589502,-0.16015870757608341
2024-02-27,0.018103367420081375,-0.14495475208477715
2024-02-28,0.010532480109090978,-0.1359490050187373
2024-02-29,-0.005755600315157625,-0.1409221371977637
2024-03-01,0.0027351946436763273,-0.13857239202892624
2024-03-04,0.02883064568532527,-0.1137368778799549
2024-03-05,-0.0019442021106813381,-0.11545995251259977
2024-03-06,-0.02848001866310125,-0.14065166957330133
2024-03-07,-0.012016190012297654,-0.15097776239845928
2024-03-08,0.00012203093943978505,-0.1508741554171994
2024-03-11,-0.004701765792350616,-0.15486654626665963
2024-03-12,0.010813986786872136,-0.1457272842648436
2024-03-13,-0.0008944161170074405,-0.14649135955011683
2024-03-14,0.01842614789871045,-0.13076448310835997
2024-03-15,0.0020912808863400925,-0.12894666748615657
2024-03-18,-0.013375399798052814,-0.14059735405395546
2024-03-19,0.003025289214049152,-0.1379974124986495
2024-03-20,0.015465359257518838,-0.12466623280203026
2024-03-21,-0.006485275678745858,-0.1303430135932243
2024-03-22,0.0010864484872925408,-0.12939817607587922
2024-03-25,0.007637751980730135,-0.12274873527077546
2024-03-26,-0.004246125702118816,-0.1264736544131584
2024-03-27,-0.004160767111306633,-0.130108194102736
2024-03-28,0.010712619987441689,-0.12078937375596921
2024-03-29,0.0021704549519044342,-0.11888108669847086
2024-04-01,-0.025720839289563004,-0.14154420466249396
2024-04-02,-0.026397602239041022,-0.16420537928761303
2024-04-03,0.01588413161222419,-0.15092950753142842
2024-04-04,-0.006946577480424972,-0.15682764149370387
2024-04-05,0.00641287344307412,-0.15142048386790463
2024-04-08,0.005058582774275412,-0.14712787414499573
2024-04-09,0.006573497596903642,-0.14152152127522177
2024-04-10,0.007838673461626349,-0.13479218880666455
2024-04-11,0.006792487255279498,-0.1289152757759655
2024-04-12,-0.018071479532364196,-0.14465706554073532
2024-04-15,0.0026122345133374938,-0.1424227092066015
2024-04-16,-0.00530557555014601,-0.14697265031299533
2024-04-17,0.01239956988927817,-0.1363954780730855
2024-04-18,0.0022270072971972248,-0.13447222450086171
2024-04-19,0.00294857702421851,-0.13192014918820194
2024-04-22,0.0302173679760238,-0.10568906090364993
2024-04-23,0.001123643859624183,-0.1046841739083395
2024-04-24,-0.008450197985643108,-0.11224976989849356
2024-04-25,-0.01093339075490582,-0.12195589005695096
2024-04-26,0.024412317101975424,-0.10052079881549947
2024-04-29,-0.0099751885917644,-0.10949327348168447
2024-04-30,0.024812992012302137,-0.08739713718968423
2024-05-01,-0.011126454968262752,-0.09755117184665085
2024-05-02,-0.009268207503865242,-0.10591525484759612
2024-05-03,0.024793187406951273,-0.08374804420333626
2024-05-06,0.013579526694780386,-0.07130577631045065
2024-05-07,-0.0021955827903013033,-0.07334480136543564
2024-05-08,0.006508220036361098,-0.06731392543488401
2024-05-09,-0.013551698546986705,-0.0799534059563628
2024-05-10,0.009908823001951656,-0.07083682710243588
2024-05-13,-0.008915383156585925,-0.07912067280380675
2024-05-14,0.0222858586013204,-0.058598086329033294
2024-05-15,-0.0009655647045707519,-0.05950707078968931
2024-05-16,0.0013499724171962654,-0.058237431276687124
2024-05-17,0.004851751397257405,-0.05366823341799898
2024-05-20,-0.011060413979687513,-0.06413505451852486
2024-05-21,-0.0028745315878753322,-0.06682522786629652
2024-05-22,-0.014339962483793274,-0.08020691908951616
2024-05-23,0.007159450837301786,-0.07362170574624716
2024-05-24,-0.015280669690787917,-0.08777738646945432
2024-05-27,-0.006605162880186057,-0.09380276541481258
2024-05-28,0.01132464411436542,-0.08354040423571318
2024-05-29,-0.031361301552767396,-0.11228176997940431
2024-05-30,-0.008755169091289278,-0.12005389318865467
2024-05-31,0.0010157342083642077,-0.11916010182644943
2024-06-03,-0.012310202767728167,-0.13000341957887085
2024-06-04,-0.012496756713760725,-0.14087555518619743
2024-06-05,-0.0018024193447139533,-0.1424240577050464
2024-06-06,0.008607556550076213,-0.13504242428575763
2024-06-07,-0.02664158471649645,-0.15808626481532406
2024-06-10,-0.007726130036075267,-0.16459099981251868
2024-06-11,-0.00011960641241212308,-0.1646909200859279
2024-06-12,-0.02307362968580986,-0.18396453246905975
2024-06-13,0.0016004606043217746,-0.18265849985154714
2024-06-14,0.015225487481396249,-0.17021407707301128
2024-06-17,-0.0011192606941066796,-0.1711428238410665
2024-06-18,-0.005016913883527912,-0.1753011289155999
2024-06-19,0.0028239299399482175,-0.1729722370821032
2024-06-20,-0.009395390274995218,-0.18074248568297302
2024-06-21,0.0031738437338904996,-0.1781422903547153
2024-06-24,-0.006303082457319706,-0.18332252726679343
2024-06-25,0.03377317218749806,-0.1557407383585241
2024-06-26,-0.00459173103345029,-0.15961734981048115
2024-06-27,0.0272498622507305,-0.136717038354913
2024-06-28,-0.022579337622679323,-0.15620939580980386
2024-07-01,-0.013890495018782737,-0.16793006499420338
2024-07-02,0.010830289987850008,-0.15891850630791904
2024-07-03,-0.00824049997991034,-0.1658494383397916
2024-07-04,0.013213680841737952,-0.15482723904405704
2024-07-05,-0.02252552223536744,-0.17386519686369695
2024-07-08,0.010971927580125723,-0.16480090563226402
2024-07-09,-0.015926003899170565,-0.17810228966574826
2024-07-10,0.017930192690142975,-0.16336550534786787
2024-07-11,-0.014165238081192178,-0.17521663215155325
2024-07-12,-0.007016159208126967,-0.18100344357259313
2024-07-15,0.006831434587779235,-0.1754085221697429
2024-07-16,0.02185583291771484,-0.15738638860491327
2024-07-17,-0.008540992853892038,-0.16458314543843078
2024-07-18,0.014471540369083442,-0.1524933767026304
2024-07-19,-0.019513592622710577,-0.16903127569470433
2024-07-22,-0.003419301268678454,-0.17187260810795357
2024-07-23,0.0030742577502768506,-0.1693267310552128
2024-07-24,-0.025783289491846884,-0.19074422042155492
2024-07-25,-0.0060569745168396385,-0.1956458620560667
2024-07-26,-0.0016562137769174272,-0.19697804446085
2024-07-29,-0.014555749318819504,-0.20866663074318614
2024-07-30,0.0010284198721808877,-0.20785280778072257
2024-07-31,-0.025184774698119233,-0.2278028563445128
2024-08-01,-0.015499249907899327,-0.2397713328521952
2024-08-02,-0.010116754456550166,-0.24746237960855988
2024-08-05,0.004787307507470111,-0.24385975060880627
2024-08-06,0.018581417967011935,-0.2298095925931879
2024-08-07,-0.011630591530306994,-0.23876736262229725
2024-08-08,0.0224219982671579,-0.22169900574611046
2024-08-09,0.021857783280950886,-0.20468707128636043
2024-08-12,0.021760877833122576,-0.18738036380551992
2024-08-13,-0.007712044132168106,-0.19364732230251813
2024-08-14,-0.00936098586268087,-0.2011955783187791
2024-08-15,0.0125218204445668,-0.19119309278016083
2024-08-16,-0.002406690152492289,-0.19313964039903453
2024-08-19,0.02509845516927675,-0.1728886918357232
2024-08-20,-0.023070206877977242,-0.19197032082618748
2024-08-21,0.020523711104318505,-0.17538655312710894
2024-08-22,0.0012137781854072525,-0.17438565531390104
2024-08-23,0.002178802537247679,-0.17258680468491083
2024-08-26,0.01922967936455324,-0.15667591423700122
2024-08-27,0.011480098940375019,-0.14699447029364077
2024-08-28,0.0019349111946183612,-0.14534398034514062
2024-08-29,0.015399170142591711,-0.13218298688508523
2024-08-30,-0.003963047612177372,-0.13562218702671713
2024-09-02,0.024435036147144748,-0.11450108392192504
2024-09-03,-0.000990781452667999,-0.11537841982433272
2024-09-04,0.0020664008226058354,-0.11355043706336276
2024-09-05,-0.025062683206408413,-0.13576724163770282
2024-09-06,-0.009969992739619113,-0.1443836359639159
2024-09-09,0.011447175941145362,-0.13458924490667168
2024-09-10,0.002527789991222022,-0.1324016682616509
2024-09-11,-0.012546435843205845,-0.14328693506847845
2024-09-12,0.007681031296166856,-0.1367064952049044
2024-09-13,0.007001494837785278,-0.13066215018758798
2024-09-16,0.006890174405372681,-0.12467226078518878
2024-09-17,0.0204554500418126,-0.10676703794546749
2024-09-18,0.011219921991297264,-0.09674503379116028
2024-09-19,0.008732313624028107,-0.0888575281437638
2024-09-20,0.013826062090970908,-0.07626001575415875
2024-09-23,0.006791113829052344,-0.06998679237269823
2024-09-24,-0.0010798057703689332,-0.07099102600081353
2024-09-25,-0.003185672767253682,-0.07395054458981698
2024-09-26,8.815462063230858e-05,-0.07386890905138843
2024-09-27,0.005055808233344703,-0.06918656785661392
2024-09-30,-0.007945590579007735,-0.07658243029386635
2024-10-01,-0.021797024860086216,-0.09671018601699133
2024-10-02,0.010958431031103104,-0.08681154688936066
2024-10-03,0.006351778788288421,-0.08101117584318251
2024-10-04,-0.019976270683453548,-0.09936914534960783
2024-10-07,0.020003747131079247,-0.0813531534747336
2024-10-08,-0.0018037625937904942,-0.08301017429339941
2024-10-09,0.0027406747241319213,-0.08049700345579924
2024-10-10,0.003535793558470845,-0.07724583068362367
2024-10-11,0.002802616060531952,-0.07465970502877484
2024-10-14,-0.008765439009080733,-0.08277071894698995
2024-10-15,-0.01033370557115032,-0.09224909627862965
2024-10-16,-0.027320600982798912,-0.11704939651097623
2024-10-17,-0.0042394640254746745,-0.12079263383073913
2024-10-18,-0.010853601889384931,-0.13033520056135495
2024-10-21,0.004803068236457282,-0.12615814118680624
2024-10-22,-0.004207133837720638,-0.12983451083983588
2024-10-23,0.0096470022080219,-0.12144002244456331
2024-10-24,0.006658212122614141,-0.11559038375156006
2024-10-25,-0.004330891672231562,-0.11942066599341195
2024-10-28,-0.0004812988980387109,-0.11984448785650503
2024-10-29,0.003253858252252797,-0.11698058658005117
2024-10-30,-0.0041427051019237065,-0.12063867560912367
2024-10-31,-0.026659669572697855,-0.14408215795239443
2024-11-01,-0.012542645964090968,-0.15481763241954627
2024-11-04,0.02404370850340662,-0.13449631394122274
2024-11-05,-0.028061308051361228,-0.1587834794953067
2024-11-06,-0.021896117416892742,-0.1772028552013074
2024-11-07,-0.0027607819609376835,-0.17947441871617864
2024-11-08,0.0015466458775884716,-0.17820535620843003
2024-11-11,-0.022893505137260135,-0.19701911610784528
2024-11-12,0.005114043203022441,-0.1929126371764197
2024-11-13,-0.009318687810310878,-0.2004336323462198
2024-11-14,0.0023344977555253077,-0.19856704645553858
2024-11-15,-0.019507111514953147,-0.21420068845208862
2024-11-18,-0.01571405033313744,-0.22654877838549725
2024-11-19,0.00248639141402783,-0.2246256759089056
2024-11-20,0.007297075654061,-0.21896771080579658
2024-11-21,-0.0006253462439706856,-0.21945612641426404
2024-11-22,0.003823252723481964,-0.21647190992378018
2024-11-25,0.008073356849520473,-0.21014620805097173
2024-11-26,-0.009443893559141717,-0.21760550318942284
2024-11-27,-0.01885598742643404,-0.2323583239837943
2024-11-28,0.0024514307081403945,-0.23047650360635974
2024-11-29,-0.0012207217928083798,-0.2314158777084856
2024-12-02,0.0044164572366576825,-0.2280214587996111
2024-12-03,-0.019355757328117215,-0.24296368810559976
2024-12-04,-0.022882706899796292,-0.2602867281431821
2024-12-05,0.008888308286409855,-0.25371192853936975
2024-12-06,-0.004528985328590775,-0.25709185626591724
2024-12-09,0.01824467576254661,-0.24353773806213364
2024-12-10,-0.015712035260372313,-0.25542329979484246
2024-12-11,0.03878233330020333,-0.22654687803992046
2024-12-12,0.002894102684409414,-0.224308425283391
2024-12-13,0.0015622340322291248,-0.22309661350685528
2024-12-16,-0.02049229110016103,-0.23901714385957373
2024-12-17,0.008059294819527987,-0.23288415866933165
2024-12-18,-0.008935124323655426,-0.2397384340822667
2024-12-19,-0.00029954818149246457,-0.23996616905179602
2024-12-20,-0.006963140297179794,-0.24525839124729143
2024-12-23,0.02365970205477964,-0.2274014296558572
2024-12-24,0.004811661069934076,-0.2236839471922456
2024-12-25,0.008394096179260393,-0.21716747557947358
2024-12-26,-0.014148499432549526,-0.2282433811070187
2024-12-27,0.002360209222776487,-0.22642187401736857
2024-12-30,-0.0024021373562081736,-0.22828011493173694
2024-12-31,-0.01218511333242916,-0.2376836091921829
2025-01-01,0.012703389181029513,-0.22799960740067338
2025-01-02,-0.014247185298160466,-0.2389984400442886
2025-01-03,0.00233251332851057,-0.23722339376267454
2025-01-06,-0.007132606065865013,-0.2426639788112228
2025-01-07,0.0030589248811426634,-0.240347344812623
2025-01-08,-0.03399471138857715,-0.2661715175812842
2025-01-09,0.0023850514239401087,-0.2644212989143637
2025-01-10,-0.015455531719530922,-0.2757900588612041
2025-01-13,-0.0050173824283107436,-0.27942369709428183
2025-01-14,-0.006627533669899636,-0.28419934080352127
2025-01-15,-0.029468573002701223,-0.30529296478443435
2025-01-16,0.020557493238107554,-0.29101152960552457
2025-01-17,0.014739696773148925,-0.28056125453625125
2025-01-20,-0.001734038317893843,-0.2818087888882629
2025-01-21,0.007273636935424095,-0.2765849267684236
2025-01-22,-0.010584939331686076,-0.2842422314302071
2025-01-23,0.002553187413209628,-0.28241476770458773
2025-01-24,0.009244908768704832,-0.27578075769824684
2025-01-27,0.01005176544935404,-0.2685010757407208
2025-01-28,-0.024023142884214182,-0.28607397891785036
2025-01-29,0.001683532926930105,-0.28487206095396644
2025-01-30,-0.029734346499322592,-0.30613592288490765
2025-01-31,-0.0017909666512312518,-0.3073786103075081
2025-02-03,0.009651622624836171,-0.3006936900323066
2025-02-04,-0.030035252400751486,-0.32169753155762437
2025-02-05,0.01934067003258075,-0.3085787073331955
2025-02-06,0.02141722456687745,-0.2937703822378298
2025-02-07,0.004370493779387545,-0.29068381008658095
2025-02-10,0.0014210973947386824,-0.28967580269704907
2025-02-11,-0.01105554813257534,-0.2975288260500648
2025-02-12,0.005274104290262178,-0.2938239198177499
2025-02-13,0.01928994802964646,-0.2802018199312548
2025-02-14,-0.0037760484657796975,-0.2829198127447744
2025-02-17,-0.011508766024847208,-0.29117252084094836
2025-02-18,0.007394383112729354,-0.28593117889921604
2025-02-19,-0.005913634123795777,-0.2901539206464162
2025-02-20,-0.015968042222480695,-0.3014887728129967
2025-02-21,0.005658578524405936,-0.2975361921837799
2025-02-24,-0.008508823653129459,-0.30351333284719395
2025-02-25,0.0017894787059495416,-0.30226698478734626
2025-02-26,0.010044907497813428,-0.29525832119136464
2025-02-27,-0.007200622683286306,-0.3003329001096514
2025-02-28,0.00447509320903519,-0.2972018246223468
2025-03-03,0.016885708971038235,-0.2853345791675431
2025-03-04,-0.003612421463457604,-0.2879162518729492
2025-03-05,-0.017054350364772777,-0.30006037760256854
2025-03-06,0.018472016601723373,-0.28713108127743925
2025-03-07,0.018080287822333202,-0.27424220604733995
2025-03-10,0.011579021294090745,-0.26583864109680977
2025-03-11,-0.018275986093134775,-0.2792561638822414
2025-03-12,0.03050692483843934,-0.25726848584602846
2025-03-13,0.001814647727417977,-0.2559206897917873
2025-03-14,0.008103975563128299,-0.2498906892448306
2025-03-17,0.016475314557311615,-0.23753240239777107
2025-03-18,0.016775508778546368,-0.22474162052083768
2025-03-19,-0.0066977774938619845,-0.22993412864684115
2025-03-20,0.002123603060911518,-0.22829881440533206
2025-03-21,-0.006261497097601827,-0.2331308191391489
2025-03-24,0.008600389166554513,-0.22653544574390871
2025-03-25,-0.020512156899237365,-0.24240087203680838
2025-03-26,-0.0009607512369419985,-0.2431287363361052
2025-03-27,0.0020686646523661494,-0.241563023506572
2025-03-28,-0.009464512586416401,-0.24874125981659767
2025-03-31,0.017819854685521594,-0.23535393823530149
2025-04-01,0.005292464217577086,-0.23130707631430059
2025-04-02,0.011313227065495462,-0.22261067872500473
2025-04-03,-0.009347592494945541,-0.22987739731020573
2025-04-04,-0.0010403611844111132,-0.2306786029732818
2025-04-07,-0.025751839542908952,-0.2504900441464404
2025-04-08,0.012239325520501923,-0.24131654781589162
2025-04-09,-0.015168554864879962,-0.25282467938542286
2025-04-10,-0.0024281057757044966,-0.25463890009687096
2025-04-11,-0.017526961762480347,-0.26770281559411335
2025-04-14,-0.0008297935367363968,-0.2683104710647036
2025-04-15,-0.005562027990043756,-0.27238014870466365
2025-04-16,0.01350616745491157,-0.26255279314955104
2025-04-17,0.01997584132122409,-0.2478216647627266
2025-04-18,0.01251347133344849,-0.23840930272709393
2025-04-21,-0.005994140946424542,-0.24297438471003352
2025-04-22,-0.001193481780829216,-0.24387788098950314
2025-04-23,0.010462604556189001,-0.2359668742621086
2025-04-24,0.013331340732693788,-0.22578128833183164
2025-04-25,0.006528777485206423,-0.2207265866384669
2025-04-28,0.004710900233487218,-0.21705550733351164
2025-04-29,-0.014025826054717043,-0.22803695059815043
2025-04-30,-0.0183908696162489,-0.24223402238826175
2025-05-01,-0.027823549612902676,-0.2633177616613116
2025-05-02,0.021912221489584202,-0.24717541728739167
2025-05-05,-0.001473663169924649,-0.2482848271483492
2025-05-06,0.0012920622492331654,-0.24731356435133178
2025-05-07,0.03130543662573365,-0.22375038684108306
2025-05-08,-0.009424644180858196,-0.23106626324063473
2025-05-09,0.003059857920682608,-0.2287134352557315
2025-05-12,-0.0028041966249580342,-0.23087627443746284
2025-05-13,0.00786489461038827,-0.22482719739356427
2025-05-14,-0.021451806196228492,-0.24145605412366478
2025-05-15,0.009713546847910216,-0.23408790196919638
2025-05-16,0.010891311166677136,-0.2257461149832204
2025-05-19,-0.01043701035668278,-0.23382701079984236
2025-05-20,0.0005080748259835835,-0.23343773759168118
2025-05-21,-0.00012291001840634714,-0.23353195577346342
2025-05-22,-0.02090698206457147,-0.2495564894271748
2025-05-23,-0.009909669689208393,-0.25699313673736146
2025-05-26,-0.016143430249051013,-0.268987816209008
2025-05-27,-0.004871662861625409,-0.27254906111617827
2025-05-28,0.0016555732323999303,-0.27134471281387795
2025-05-29,0.025332881001631887,-0.2528857751323821
2025-05-30,-0.01248201905892574,-0.26221126912637427
2025-06-02,0.015504809400298969,-0.2507719954764902
2025-06-03,-0.012629483448273039,-0.2602343581586025
2025-06-04,0.0012099946253608398,-0.25933924570794786
2025-06-05,0.005919428381397246,-0.25495495741800445
2025-06-06,-0.007140573735946646,-0.26027500648116275
2025-06-09,0.006509093265663092,-0.2554600675074067
2025-06-10,-0.003884655513787764,-0.2583523486613992
2025-06-11,0.005076473513469054,-0.2545873940030523
2025-06-12,-0.004800491387727711,-0.25816574079844434
2025-06-13,0.00040109482981960133,-0.25786819491249546
2025-06-16,-0.029714850269306002,-0.2799205303807605
2025-06-17,-0.0041101715586907605,-0.28288018053678665
2025-06-18,0.0069909795863283735,-0.2778668105179679
2025-06-19,0.015482116331331747,-0.26668666047169154
2025-06-20,0.006198436321955079,-0.262141264432585
2025-06-23,0.004602616561241284,-0.25874518359640575
2025-06-24,-0.003892096943935542,-0.2616302192020077
2025-06-25,0.010816245892642231,-0.25364383009320024
2025-06-26,0.016722007418000822,-0.2411632566835481
2025-06-27,-0.0034991278920543465,-0.24381852349760236
2025-06-30,-0.008204803017412865,-0.250022843557721
2025-07-01,-0.0009477017288084463,-0.25073359820544816
2025-07-02,-0.006346170336152368,-0.25548857041839235
2025-07-03,0.011209662483055513,-0.2471428485780054
2025-07-04,0.0055979131268879,-0.24292841964738876
2025-07-07,-0.002558810259335948,-0.24486562217424668
2025-07-08,0.008045403023793071,-0.23879026176751728
2025-07-09,-0.006979679497865972,-0.24410326177103447
2025-07-10,0.0013063093094903278,-0.24311582682487265
2025-07-11,0.0057159728175282,-0.23878949746498634
2025-07-14,-0.009847393234371947,-0.2462854366175825
2025-07-15,0.009214165535247034,-0.23934058586425044
2025-07-16,-0.007369639060163657,-0.24494637119414642
2025-07-17,0.0031963343796064946,-0.24253296732194773
2025-07-18,0.007403763415308324,-0.23692486061710383
2025-07-21,0.013982918458491934,-0.22625484316541045
2025-07-22,0.010006775947936423,-0.21851214874016567
2025-07-23,0.006194388038392518,-0.21367130974217263
2025-07-24,-0.013410303914327106,-0.22421621645508483
2025-07-25,-0.008370460279898866,-0.23070988380103719
2025-07-28,0.00817980257202587,-0.2244172425299188
2025-07-29,-0.03168715431600427,-0.2489932530507053
2025-07-30,-0.017292965531224835,-0.2619803868394167
2025-07-31,0.0004028245055859702,-0.26168309445363247
2025-08-01,0.004718169787149576,-0.2581995899365418
2025-08-04,-0.006731839331694834,-0.2631932711132744
2025-08-05,0.010563166379378021,-0.25541025904659875
2025-08-06,-0.010951614647243212,-0.26356471895981104
2025-08-07,-0.009063210958374233,-0.2702391872690679
2025-08-08,-0.007168184881316087,-0.27547024769386275
2025-08-11,0.03151289295183059,-0.25263821916902307
2025-08-12,0.014641173818783243,-0.24169596543036131
2025-08-13,-0.005877219561510568,-0.24615268473590635
2025-08-14,0.018747927674302396,-0.2320196097918681
2025-08-15,-0.0027794635291780584,-0.23415418327757553
2025-08-18,-5.4965362119887813e-05,-0.23419627827021972
2025-08-19,-0.020082161642967222,-0.249575272396783
2025-08-20,-0.0015415418248951214,-0.2507320835008189
2025-08-21,0.008761518167416951,-0.24416735903814868
2025-08-22,-0.008035249076118748,-0.2502406625681378
2025-08-25,0.001554871380054522,-0.24907488323243632
2025-08-26,-0.009077894673841604,-0.2558917023503945
2025-08-27,0.009585895248770796,-0.24875875815538417
2025-08-28,0.011406631098789173,-0.2401896264434663
2025-08-29,-0.022090546290298427,-0.25697425267236584
2025-09-01,-0.0019856904451988782,-0.25844967179937106
2025-09-02,0.012537671586536544,-0.24915235731950314
2025-09-03,-0.01116017714249682,-0.25753195001884366
2025-09-04,0.0012136531439303965,-0.25663085133571617
2025-09-05,0.005022097778337219,-0.25289757878572483
2025-09-08,-0.028158478092275282,-0.2739348459461728
2025-09-09,0.008294556896864608,-0.26791245721504253
2025-09-10,-0.00634194800835514,-0.2725553183489492
2025-09-11,0.001026818897214521,-0.2718083644031517
2025-09-12,0.00012957795716601536,-0.2717140068185857
2025-09-15,-0.009543764092656275,-0.27866459652949493
2025-09-16,0.010041113063539428,-0.2714215861865138
2025-09-17,0.002882280904225069,-0.26932161853714864
2025-09-18,0.009264219524667373,-0.2625524536093482
2025-09-19,-0.0037769762192115326,-0.2653377754549816
2025-09-22,0.0012740442708335051,-0.2644017832568023
2025-09-23,0.003426968440871138,-0.2618809113828622
2025-09-24,0.011780552662088953,-0.253185460588515
2025-09-25,0.01656580998348476,-0.24081387283572075
2025-09-26,-0.013355170031789255,-0.25095293264977525
2025-09-29,-0.0054063753162490805,-0.2550025622254063
2025-09-30,-0.0037511924069864927,-0.25779719095721076
2025-10-01,0.011909579700023418,-0.24895786744933435
2025-10-02,-0.005515593915019525,-0.25310031086555407
2025-10-03,0.0326369403189597,-0.2287237902870236
2025-10-06,0.008972600375982655,-0.2218034370777665
2025-10-07,-0.004356062168216965,-0.22519330968494855
2025-10-08,0.02121570735511296,-0.20875523768644078
2025-10-09,0.007611104983547043,-0.2027329907327906
2025-10-10,-0.026752969648995133,-0.22406225083386133
2025-10-13,0.013189562794667497,-0.21382797116648167
2025-10-14,0.03883010362874127,-0.18330082981685836
2025-10-15,0.0015957638046825238,-0.1819975708417657
2025-10-16,-0.006768534670019033,-0.18753424864368295
2025-10-17,-0.008746604128795705,-0.19464056493900117
2025-10-20,-0.007425477981924488,-0.20062074369158178
2025-10-21,-0.00493131587243333,-0.20456273530630942
2025-10-22,0.003637052373422677,-0.20166968831484644
2025-10-23,-0.004090312806608235,-0.20493510901263579
2025-10-24,-0.00019456390852791612,-0.20508979994535959
2025-10-27,-0.011566715986119422,-0.21428430046386104
2025-10-28,0.003599919209291407,-0.21145578742405902
2025-10-29,0.0149199830267308,-0.19969072115659914
2025-10-30,0.0062869603132448045,-0.1946592084821892
2025-10-31,0.002714058266271976,-0.19247346664980436
2025-11-03,-0.009600726679627363,-0.20022630818304665
2025-11-04,-0.007990919581485055,-0.20661723543774335
2025-11-05,-0.013139828650358037,-0.2170421490182387
2025-11-06,-0.015097011757376235,-0.22886247290004036
2025-11-07,-0.015333856951634459,-0.24068698543062828
2025-11-10,-0.007644606704778232,-0.24649163479283065
2025-11-11,-0.014870116487539019,-0.25769639195779637
2025-11-12,0.010826454148926672,-0.24965987598074457
2025-11-13,-0.0021059561518092657,-0.25124005938087224
2025-11-14,0.0037626899456724297,-0.2484227078805824
2025-11-17,0.024061448641179553,-0.23033866946637416
2025-11-18,0.009856013623123423,-0.2227528769074435
2025-11-19,-0.023200104598291388,-0.24078509146191185
2025-11-20,-0.002571735869303762,-0.24273759167470943
2025-11-21,0.0022298288365362297,-0.24104902611980072
2025-11-24,-0.00631707623415058,-0.24584337727978478
2025-11-25,-0.002920822589979842,-0.24804613497980887
2025-11-26,0.020742341862834558,-0.23244885084648037
2025-11-27,-0.007100004866715863,-0.2378984677409237
2025-11-28,-0.009124442481464736,-0.2448522193370578
2025-12-01,-0.009324154365668644,-0.2518933338128512
2025-12-02,0.002917492040999415,-0.24971073856843162
2025-12-03,-0.00025428936970888286,-0.2499015291518204
2025-12-04,-0.022318633650278537,-0.26664270212431507
2025-12-05,-0.0025205998774456215,-0.26849120243946434
2025-12-08,-0.004423234739997904,-0.27172683756544824
2025-12-09,0.01531422853366257,-0.26057389592099245
2025-12-10,-0.015759228109765447,-0.2722266805654887
2025-12-11,0.022572214475487053,-0.2557992251096758
2025-12-12,0.0030767983956536595,-0.25350946935944907
2025-12-15,-0.0032359228868694525,-0.2559250551523802
2025-12-16,0.01283782081612014,-0.24637275433666195
2025-12-17,-0.005017670517602791,-0.25015420754848905
2025-12-18,0.008150118926538235,-0.24404287516344492
2025-12-19,-0.00015886031219210055,-0.2441629667483003
2025-12-22,-0.0019381616855323695,-0.24562790112665522
2025-12-23,-0.023135895523927384,-0.26308097519235474
2025-12-24,0.007352378497083673,-0.25766286760026713
2025-12-25,0.018513984365412527,-0.24391924953715327
2025-12-26,-0.035116769211696285,-0.2704703627565632
2025-12-29,0.0008469568130902373,-0.26985248265994866
2025-12-30,0.01143918502462045,-0.2615001901138285
2025-12-31,0.018761153752395617,-0.2476450816344392
2026-01-01,-0.0014486336725919,-0.24873496830292363
2026-01-02,0.008731824484966663,-0.24217505390445193
