Date Snapshot,Drawdown
2020-04-29,0.0
2020-04-30,0.0
2020-05-01,0.0
2020-05-04,0.0
2020-05-05,0.0
2020-05-06,-0.016733735760605106
2020-05-07,-0.01249006517986151
2020-05-08,-0.02447437309560785
2020-05-11,-0.004970287084739011
2020-05-12,0.0
2020-05-13,0.0
2020-05-14,0.0
2020-05-15,0.0
2020-05-18,0.0
2020-05-19,-0.008497080999921525
2020-05-20,-0.009369842112440074
2020-05-21,-0.006697525201242116
2020-05-22,-0.02269525770713643
2020-05-25,-0.007586227732210404
2020-05-26,-0.014651460715220499
2020-05-27,-0.015805381645121463
2020-05-28,-0.02458318851618646
2020-05-29,-0.026629609746772642
2020-06-01,-0.04050843790558012
2020-06-02,-0.039703558408698325
2020-06-03,-0.0553632973251349
2020-06-04,-0.05802514540185677
2020-06-05,-0.07812604870334361
2020-06-08,-0.07407846936116114
2020-06-09,-0.08759346250754285
2020-06-10,-0.10722708272559522
2020-06-11,-0.10366003491371589
2020-06-12,-0.09845396824174357
2020-06-15,-0.09928456968704202
2020-06-16,-0.09255039408402876
2020-06-17,-0.09235513379189209
2020-06-18,-0.08495073556922217
2020-06-19,-0.07647245030286964
2020-06-22,-0.09112857717147727
2020-06-23,-0.11530876255390587
2020-06-24,-0.11803983305876076
2020-06-25,-0.12689276233862512
2020-06-26,-0.12137052349011601
2020-06-29,-0.1322691027402918
2020-06-30,-0.15293417741354043
2020-07-01,-0.14009664837233893
2020-07-02,-0.13390526489533805
2020-07-03,-0.13179900246177056
2020-07-06,-0.12922660774447847
2020-07-07,-0.13391859348510238
2020-07-08,-0.136948649208811
2020-07-09,-0.1519895700853423
2020-07-10,-0.16245200359929668
2020-07-13,-0.15072088953765472
2020-07-14,-0.15056490021996272
2020-07-15,-0.15333076165018056
2020-07-16,-0.16406217448603433
2020-07-17,-0.17743777416473583
2020-07-20,-0.1899509484266313
2020-07-21,-0.20268124170542656
2020-07-22,-0.1800698310384351
2020-07-23,-0.1772812257104196
2020-07-24,-0.1791619152931353
2020-07-27,-0.1732676345133758
2020-07-28,-0.1870005169188338
2020-07-29,-0.18932766633513798
2020-07-30,-0.19190009646462314
2020-07-31,-0.20493722047770424
2020-08-03,-0.1992254374879815
2020-08-04,-0.20425707161036333
2020-08-05,-0.19888060155705511
2020-08-06,-0.19998060587100908
2020-08-07,-0.20853247144796372
2020-08-10,-0.22582590435114958
2020-08-11,-0.22359170300426467
2020-08-12,-0.2180458495500821
2020-08-13,-0.22085829922940037
2020-08-14,-0.2254239297296211
2020-08-17,-0.21295245138423413
2020-08-18,-0.21742841501426646
2020-08-19,-0.19952976098053887
2020-08-20,-0.18808571351707326
2020-08-21,-0.20111938364765924
2020-08-24,-0.2125984466093127
2020-08-25,-0.20759367827143171
2020-08-26,-0.1948460875123058
2020-08-27,-0.19262152605394345
2020-08-28,-0.20395816614787055
2020-08-31,-0.20375011661882503
2020-09-01,-0.2064641450385023
2020-09-02,-0.2059613825811033
2020-09-03,-0.2149203894245576
2020-09-04,-0.21525835134388727
2020-09-07,-0.20643575692961824
2020-09-08,-0.19598951469309267
2020-09-09,-0.20190925458134246
2020-09-10,-0.19909072952322238
2020-09-11,-0.18431735906627278
2020-09-14,-0.18744021964375368
2020-09-15,-0.19497447465377238
2020-09-16,-0.21098303939514074
2020-09-17,-0.21263833098785945
2020-09-18,-0.20731720068618253
2020-09-21,-0.20119444136676623
2020-09-22,-0.20136550660666208
2020-09-23,-0.1939223532208718
2020-09-24,-0.2031034426338979
2020-09-25,-0.1899566553435008
2020-09-28,-0.17051108635144585
2020-09-29,-0.18166701027697252
2020-09-30,-0.1862619593347773
2020-10-01,-0.1743019974047908
2020-10-02,-0.16983408324179583
2020-10-05,-0.17365899725114997
2020-10-06,-0.17967178452889176
2020-10-07,-0.17109384965354313
2020-10-08,-0.17472921937847385
2020-10-09,-0.19993786550034398
2020-10-12,-0.21244007890647398
2020-10-13,-0.20952168143767647
2020-10-14,-0.19337898004207632
2020-10-15,-0.19100609176241012
2020-10-16,-0.18020570763030075
2020-10-19,-0.19766766579110462
2020-10-20,-0.19057767464510578
2020-10-21,-0.20061486971664455
2020-10-22,-0.2267721666203627
2020-10-23,-0.23770593991785627
2020-10-26,-0.2411108593854745
2020-10-27,-0.2579811854419519
2020-10-28,-0.252828057603397
2020-10-29,-0.2646257657869475
2020-10-30,-0.27073142422338303
2020-11-02,-0.27664629571251986
2020-11-03,-0.28989815861385715
2020-11-04,-0.2980574542332908
2020-11-05,-0.2973866322862504
2020-11-06,-0.3093460443042726
2020-11-09,-0.3244929170447618
2020-11-10,-0.3201997865340068
2020-11-11,-0.30900100197631075
2020-11-12,-0.30896481023670774
2020-11-13,-0.3176597307228366
2020-11-16,-0.3277728811435069
2020-11-17,-0.32665579716342685
2020-11-18,-0.32108027549774454
2020-11-19,-0.3189033364228585
2020-11-20,-0.33050766009279053
2020-11-23,-0.32489877712401716
2020-11-24,-0.3324060926018373
2020-11-25,-0.3292672234605365
2020-11-26,-0.32641430511233627
2020-11-27,-0.3277385713750831
2020-11-30,-0.3256629828583879
2020-12-01,-0.3124084200127971
2020-12-02,-0.315336500276304
2020-12-03,-0.3164978855623072
2020-12-04,-0.30678586044411804
2020-12-07,-0.3042133627309409
2020-12-08,-0.3080113427298412
2020-12-09,-0.3100089875802581
2020-12-10,-0.28763343758445914
2020-12-11,-0.3023156247084965
2020-12-14,-0.31545401145883945
2020-12-15,-0.3321621970754711
2020-12-16,-0.32203548547751026
2020-12-17,-0.3007456397255228
2020-12-18,-0.2989901223252993
2020-12-21,-0.28206696736847714
2020-12-22,-0.2770716046696242
2020-12-23,-0.2526062003599808
2020-12-24,-0.24704883403184041
2020-12-25,-0.23764207035389062
2020-12-28,-0.2368375078422953
2020-12-29,-0.22994135047812536
2020-12-30,-0.22868216294567534
2020-12-31,-0.22989941036527495
2021-01-01,-0.22373227287563313
2021-01-04,-0.21780933096939747
2021-01-05,-0.2167920374555672
2021-01-06,-0.23277621188875286
2021-01-07,-0.22804765229954305
2021-01-08,-0.24919703782160685
2021-01-11,-0.2393562276548279
2021-01-12,-0.2288312209636787
2021-01-13,-0.23209014841321096
2021-01-14,-0.23784390171317615
2021-01-15,-0.20658817350001601
2021-01-18,-0.20737946541462593
2021-01-19,-0.21328594865146455
2021-01-20,-0.2079277880455741
2021-01-21,-0.20574308831427912
2021-01-22,-0.21333765286991535
2021-01-25,-0.21000006945556282
2021-01-26,-0.2128760849168816
2021-01-27,-0.2138666842010719
2021-01-28,-0.2181490445327673
2021-01-29,-0.21408347896380786
2021-02-01,-0.21522993580536864
2021-02-02,-0.22117298582689326
2021-02-03,-0.20333773012476608
2021-02-04,-0.20496721217800795
2021-02-05,-0.21332495479746538
2021-02-08,-0.2142801288362568
2021-02-09,-0.20284644621713643
2021-02-10,-0.2143130955056728
2021-02-11,-0.20802539701318112
2021-02-12,-0.20862878713077915
2021-02-15,-0.19704426038560618
2021-02-16,-0.2109297843504253
2021-02-17,-0.1955869582180978
2021-02-18,-0.17463113192078417
2021-02-19,-0.1826506280682414
2021-02-22,-0.1712822853627659
2021-02-23,-0.15738287143394636
2021-02-24,-0.17149312091958524
2021-02-25,-0.1621544698485079
2021-02-26,-0.17813595078238265
2021-03-01,-0.17401312246581746
2021-03-02,-0.17637593146966335
2021-03-03,-0.17501566610796315
2021-03-04,-0.19016703771441235
2021-03-05,-0.2144136933126105
2021-03-08,-0.21362998790001764
2021-03-09,-0.22085957855482852
2021-03-10,-0.20737018114183003
2021-03-11,-0.21040037908945242
2021-03-12,-0.21349812553332248
2021-03-15,-0.19981476878484972
2021-03-16,-0.19919414293028825
2021-03-17,-0.1943836391991598
2021-03-18,-0.18465110745292967
2021-03-19,-0.17976221703456174
2021-03-22,-0.18852359788810102
2021-03-23,-0.17436280813538996
2021-03-24,-0.18158131842225822
2021-03-25,-0.1799871544281746
2021-03-26,-0.17336295709205163
2021-03-29,-0.17749258825216196
2021-03-30,-0.19448585420770836
2021-03-31,-0.21385465260144199
2021-04-01,-0.2231341525756847
2021-04-02,-0.2257873676877592
2021-04-05,-0.23063699372677393
2021-04-06,-0.22560424367370335
2021-04-07,-0.22926541287475777
2021-04-08,-0.22307775560603194
2021-04-09,-0.2166314150095302
2021-04-12,-0.23297388938537922
2021-04-13,-0.22151315308629171
2021-04-14,-0.2289224231874175
2021-04-15,-0.24516616781351475
2021-04-16,-0.2673904535911761
2021-04-19,-0.2740779311428382
2021-04-20,-0.28990151359214467
2021-04-21,-0.2944561343043519
2021-04-22,-0.29502592822305873
2021-04-23,-0.29193338756804466
2021-04-26,-0.2894765235011654
2021-04-27,-0.295272042916484
2021-04-28,-0.2779758611842036
2021-04-29,-0.2676644411431448
2021-04-30,-0.2667011508231846
2021-05-03,-0.27717927437017675
2021-05-04,-0.2865752749143766
2021-05-05,-0.2935197575283487
2021-05-06,-0.2816575448113928
2021-05-07,-0.26280047699696296
2021-05-10,-0.2682134569047724
2021-05-11,-0.2720460470235172
2021-05-12,-0.28797183901639534
2021-05-13,-0.280140101749646
2021-05-14,-0.26955249656915026
2021-05-17,-0.26621725839698984
2021-05-18,-0.2687418808861668
2021-05-19,-0.2806289770334013
2021-05-20,-0.2789597417045985
2021-05-21,-0.27021160990322546
2021-05-24,-0.2548005879876404
2021-05-25,-0.257841091027758
2021-05-26,-0.26040434933867096
2021-05-27,-0.25787657936986785
2021-05-28,-0.26468288537230666
2021-05-31,-0.2655302719603231
2021-06-01,-0.2551749532776968
2021-06-02,-0.24222590444190506
2021-06-03,-0.24610034624974175
2021-06-04,-0.25558408393425325
2021-06-07,-0.2695194707726969
2021-06-08,-0.2583698389471598
2021-06-09,-0.28305273954560983
2021-06-10,-0.28842183561165646
2021-06-11,-0.2991760599535588
2021-06-14,-0.30142258499551666
2021-06-15,-0.298419141088221
2021-06-16,-0.3118965757592207
2021-06-17,-0.3225742741589196
2021-06-18,-0.33528253764556226
2021-06-21,-0.33498754244368023
2021-06-22,-0.3380327878874494
2021-06-23,-0.3431457913551066
2021-06-24,-0.351706150832356
2021-06-25,-0.36135769260303663
2021-06-28,-0.355802496412681
2021-06-29,-0.35490840670055734
2021-06-30,-0.3656267315214836
2021-07-01,-0.3561633887148282
2021-07-02,-0.3635571032570777
2021-07-05,-0.36724708256403205
2021-07-06,-0.38066951872138066
2021-07-07,-0.3794890895426356
2021-07-08,-0.37935340582895904
2021-07-09,-0.38257878464372996
2021-07-12,-0.3852096159180004
2021-07-13,-0.3721188554160343
2021-07-14,-0.36817826649316243
2021-07-15,-0.37369521170856834
2021-07-16,-0.3655054867783053
2021-07-19,-0.37252696903124216
2021-07-20,-0.37734613842275955
2021-07-21,-0.3669528396253351
2021-07-22,-0.3600600756520822
2021-07-23,-0.3699702959293475
2021-07-26,-0.3614950034025487
2021-07-27,-0.3498614903524915
2021-07-28,-0.36033019178753334
2021-07-29,-0.37128250566151255
2021-07-30,-0.36747654105130567
2021-08-02,-0.3671753403280187
2021-08-03,-0.3728637050613407
2021-08-04,-0.3592651196064435
2021-08-05,-0.358155294119214
2021-08-06,-0.36257391351371515
2021-08-09,-0.3661168919213411
2021-08-10,-0.3675880953312082
2021-08-11,-0.3698498943708527
2021-08-12,-0.3699293785763186
2021-08-13,-0.3769438572309559
2021-08-16,-0.3691669607687108
2021-08-17,-0.35888565019474616
2021-08-18,-0.3615113649676779
2021-08-19,-0.38236674858317143
2021-08-20,-0.3644384502086726
2021-08-23,-0.3562438212837402
2021-08-24,-0.3596080207504201
2021-08-25,-0.36221899522000256
2021-08-26,-0.3641161945550404
2021-08-27,-0.36883781144310424
2021-08-30,-0.38503848786661066
2021-08-31,-0.38096401794506385
2021-09-01,-0.3987622821347575
2021-09-02,-0.4002269883690951
2021-09-03,-0.4039792143521008
2021-09-06,-0.40326529309743764
2021-09-07,-0.4178731074094477
2021-09-08,-0.4130301343300363
2021-09-09,-0.40456440625071055
2021-09-10,-0.40595460653296656
2021-09-13,-0.411694440542139
2021-09-14,-0.41665945290444995
2021-09-15,-0.4314135091563188
2021-09-16,-0.43966561118426806
2021-09-17,-0.4342121649814411
2021-09-20,-0.4315555481478539
2021-09-21,-0.44178833916308613
2021-09-22,-0.4331052637806212
2021-09-23,-0.4353869930352209
2021-09-24,-0.4338643746882612
2021-09-27,-0.45581148980905284
2021-09-28,-0.45817325388636265
2021-09-29,-0.466407652772471
2021-09-30,-0.4695050038106713
2021-10-01,-0.46619776871134544
2021-10-04,-0.45236543162222165
2021-10-05,-0.4595511604462613
2021-10-06,-0.44895671845483764
2021-10-07,-0.43949027714308764
2021-10-08,-0.4473294591753465
2021-10-11,-0.4410956822585186
2021-10-12,-0.431073660150585
2021-10-13,-0.43015738743120213
2021-10-14,-0.4222542116293515
2021-10-15,-0.41667336850180137
2021-10-18,-0.419314092474529
2021-10-19,-0.40410263364383514
2021-10-20,-0.3964085790431009
2021-10-21,-0.38690364066555694
2021-10-22,-0.38016760869449706
2021-10-25,-0.3841455717490211
2021-10-26,-0.389948488816535
2021-10-27,-0.38359504363322006
2021-10-28,-0.38760162436938883
2021-10-29,-0.3829116557717863
2021-11-01,-0.37420888891959503
2021-11-02,-0.3805254768656622
2021-11-03,-0.37650334238116545
2021-11-04,-0.37358989758015615
2021-11-05,-0.3660023577185151
2021-11-08,-0.37122307883884154
2021-11-09,-0.3710111195442499
2021-11-10,-0.37546051779531353
2021-11-11,-0.3851777178963859
2021-11-12,-0.3740868870096894
2021-11-15,-0.3670766722107518
2021-11-16,-0.3626983966561014
2021-11-17,-0.36441952033624836
2021-11-18,-0.35409076875921275
2021-11-19,-0.3440467538620643
2021-11-22,-0.3489090226462742
2021-11-23,-0.34970734134571824
2021-11-24,-0.3487295966867865
2021-11-25,-0.34868427507695476
2021-11-26,-0.3522417165024251
2021-11-29,-0.34661461232270796
2021-11-30,-0.3440365676693484
2021-12-01,-0.36442453830891497
2021-12-02,-0.3755558315504621
2021-12-03,-0.369948412844919
2021-12-06,-0.37006857553759587
2021-12-07,-0.3764510771758869
2021-12-08,-0.395053729267571
2021-12-09,-0.3852175148599355
2021-12-10,-0.382404031291957
2021-12-13,-0.38791772412688963
2021-12-14,-0.3802216499815113
2021-12-15,-0.38226473539990435
2021-12-16,-0.3742278339901247
2021-12-17,-0.36842133883253625
2021-12-20,-0.3843122873917928
2021-12-21,-0.3861974276381912
2021-12-22,-0.3831335897334488
2021-12-23,-0.39051570506168365
2021-12-24,-0.39271837531447173
2021-12-27,-0.3910406823485738
2021-12-28,-0.40311423604973384
2021-12-29,-0.40556457988769157
2021-12-30,-0.4058740791141311
2021-12-31,-0.4175703156129591
2022-01-03,-0.41464917398730883
2022-01-04,-0.40803011156224056
2022-01-05,-0.40768820658306226
2022-01-06,-0.4109944046998122
2022-01-07,-0.4032333662390325
2022-01-10,-0.40273976964292335
2022-01-11,-0.40319032984790193
2022-01-12,-0.408349749831865
2022-01-13,-0.4075907343883002
2022-01-14,-0.402895748184358
2022-01-17,-0.40055930265781126
2022-01-18,-0.4065071588813265
2022-01-19,-0.40967706567230067
2022-01-20,-0.4071919631305194
2022-01-21,-0.4101690295882998
2022-01-24,-0.4017318872422613
2022-01-25,-0.4001598741252169
2022-01-26,-0.3972432871157545
2022-01-27,-0.39279558810282367
2022-01-28,-0.38951369910069966
2022-01-31,-0.39616095918313343
2022-02-01,-0.38892258565460436
2022-02-02,-0.381716696216441
2022-02-03,-0.3755960832753581
2022-02-04,-0.3850527501884148
2022-02-07,-0.3905840708365542
2022-02-08,-0.39041746388710563
2022-02-09,-0.37169566979008695
2022-02-10,-0.3864844397417727
2022-02-11,-0.3955437465749868
2022-02-14,-0.41301823075233335
2022-02-15,-0.4209394111264072
2022-02-16,-0.419121340071553
2022-02-17,-0.4190861898513014
2022-02-18,-0.4215774409586941
2022-02-21,-0.4091140609449775
2022-02-22,-0.3888259157902664
2022-02-23,-0.39707061857830295
2022-02-24,-0.38591815590400913
2022-02-25,-0.3917591713235289
2022-02-28,-0.38194383312941127
2022-03-01,-0.37176021909603985
2022-03-02,-0.3717989253137506
2022-03-03,-0.3747689877878919
2022-03-04,-0.3755441228148445
2022-03-07,-0.3852793035011107
2022-03-08,-0.37576915942487565
2022-03-09,-0.370328241103961
2022-03-10,-0.37818177677551956
2022-03-11,-0.39565469227639927
2022-03-14,-0.4008473849068527
2022-03-15,-0.39132045611437594
2022-03-16,-0.3946930565722754
2022-03-17,-0.3912672045465795
2022-03-18,-0.3863027941887671
2022-03-21,-0.39414545589218275
2022-03-22,-0.39593185604362946
2022-03-23,-0.3870697438841364
2022-03-24,-0.3957437027396359
2022-03-25,-0.3745126068570922
2022-03-28,-0.3689721354916553
2022-03-29,-0.3761102525952994
2022-03-30,-0.3884721299628161
2022-03-31,-0.3963351483242382
2022-04-01,-0.4062690033492192
2022-04-04,-0.3942069812610012
2022-04-05,-0.394015270619421
2022-04-06,-0.4001143863794987
2022-04-07,-0.42583577424135177
2022-04-08,-0.4256662056508962
2022-04-11,-0.4274983854871047
2022-04-12,-0.43142341988616806
2022-04-13,-0.4281749989053121
2022-04-14,-0.4298878495917148
2022-04-15,-0.41755781172445705
2022-04-18,-0.4188120858813871
2022-04-19,-0.4230816662852749
2022-04-20,-0.42285414397417054
2022-04-21,-0.4226896938640563
2022-04-22,-0.4294675081706475
2022-04-25,-0.4346743991893084
2022-04-26,-0.4316447659861087
2022-04-27,-0.44167819908981165
2022-04-28,-0.44723411213058606
2022-04-29,-0.4536310657225209
2022-05-02,-0.4736075417861495
2022-05-03,-0.4678465507754127
2022-05-04,-0.4655308367771255
2022-05-05,-0.4635523874529508
2022-05-06,-0.470863334453693
2022-05-09,-0.46877927619925774
2022-05-10,-0.4718738922162313
2022-05-11,-0.4793057934158841
2022-05-12,-0.4817113139106223
2022-05-13,-0.4782502248546019
2022-05-16,-0.48596701328931635
2022-05-17,-0.47853406671068655
2022-05-18,-0.46891981078857103
2022-05-19,-0.46837178172031546
2022-05-20,-0.4690002248259463
2022-05-23,-0.4701836987381284
2022-05-24,-0.45788562481505524
2022-05-25,-0.45773915510472607
2022-05-26,-0.461063679522157
2022-05-27,-0.44877182191348974
2022-05-30,-0.4583143180596019
2022-05-31,-0.4608165477995251
2022-06-01,-0.46193890607009347
2022-06-02,-0.46515139363757696
2022-06-03,-0.4676481988562162
2022-06-06,-0.4666248121489609
2022-06-07,-0.46976620648130807
2022-06-08,-0.46386915608921
2022-06-09,-0.4733300415256093
2022-06-10,-0.4698769294243633
2022-06-13,-0.46946015731831103
2022-06-14,-0.47074176673363655
2022-06-15,-0.46697387591445483
2022-06-16,-0.4604364813176921
2022-06-17,-0.45648462841862125
2022-06-20,-0.44080059328644816
2022-06-21,-0.44378018136750275
2022-06-22,-0.44998552693144944
2022-06-23,-0.44848938816173456
2022-06-24,-0.445411070975293
2022-06-27,-0.4516249339562587
2022-06-28,-0.4588512524971724
2022-06-29,-0.4623273622488583
2022-06-30,-0.4799968578507102
2022-07-01,-0.47725182239352515
2022-07-04,-0.4731681475818298
2022-07-05,-0.4716193185009655
2022-07-06,-0.467318714279516
2022-07-07,-0.4717999702512655
2022-07-08,-0.47504113818030924
2022-07-11,-0.4796445838345891
2022-07-12,-0.4677397173401333
2022-07-13,-0.4813258416325399
2022-07-14,-0.4795299345687326
2022-07-15,-0.4770285047737006
2022-07-18,-0.4678126170815281
2022-07-19,-0.47371207463435683
2022-07-20,-0.4740111014932792
2022-07-21,-0.48992639925781634
2022-07-22,-0.4746227501958499
2022-07-25,-0.47938538557877974
2022-07-26,-0.48047078502676444
2022-07-27,-0.48195957416236845
2022-07-28,-0.47715998638362433
2022-07-29,-0.47975616366633156
2022-08-01,-0.48737130606892065
2022-08-02,-0.5004520726388946
2022-08-03,-0.4932557997890349
2022-08-04,-0.4965473871291104
2022-08-05,-0.5029555942809864
2022-08-08,-0.5198918116491955
2022-08-09,-0.5167645259358122
2022-08-10,-0.5135155626275091
2022-08-11,-0.5163871329379826
2022-08-12,-0.5118147367378552
2022-08-15,-0.5143884660931093
2022-08-16,-0.5102198410421972
2022-08-17,-0.5039383793419847
2022-08-18,-0.5073029536419064
2022-08-19,-0.5056816600771514
2022-08-22,-0.514121721622901
2022-08-23,-0.5102357819351837
2022-08-24,-0.4988925872035881
2022-08-25,-0.501839245975488
2022-08-26,-0.4969979797424444
2022-08-29,-0.5040263705523855
2022-08-30,-0.4975753166424385
2022-08-31,-0.4801163988589632
2022-09-01,-0.4811210886930404
2022-09-02,-0.4873374103216135
2022-09-05,-0.48514981547580005
2022-09-06,-0.47620466923594873
2022-09-07,-0.4634892544966063
2022-09-08,-0.4694629916227777
2022-09-09,-0.46559820290189835
2022-09-12,-0.46580672919045585
2022-09-13,-0.46358430165655806
2022-09-14,-0.46177924373573676
2022-09-15,-0.4574652721013822
2022-09-16,-0.4500238081907155
2022-09-19,-0.45702158513586
2022-09-20,-0.4546433740605098
2022-09-21,-0.44309033584172997
2022-09-22,-0.45466517816154894
2022-09-23,-0.43817448835417483
2022-09-26,-0.43835912731555393
2022-09-27,-0.4324873961585717
2022-09-28,-0.43381919609647446
2022-09-29,-0.4245963474963791
2022-09-30,-0.4294025460766534
2022-10-03,-0.4223790422937441
2022-10-04,-0.41977236015253083
2022-10-05,-0.4282406595184908
2022-10-06,-0.4092942419292208
2022-10-07,-0.39500797918448827
2022-10-10,-0.39671460747901854
2022-10-11,-0.3903321589812886
2022-10-12,-0.3841109575652475
2022-10-13,-0.37881392222554355
2022-10-14,-0.38352612785563345
2022-10-17,-0.3843494421045536
2022-10-18,-0.3814529243196769
2022-10-19,-0.39214897567793794
2022-10-20,-0.3913712773879623
2022-10-21,-0.3985170475466814
2022-10-24,-0.39964837113176077
2022-10-25,-0.3954790363262708
2022-10-26,-0.3855137396873054
2022-10-27,-0.3832358462307385
2022-10-28,-0.39548380561684227
2022-10-31,-0.4007402895608413
2022-11-01,-0.392813489392274
2022-11-02,-0.40952770552155626
2022-11-03,-0.4052748565601412
2022-11-04,-0.4153967941625071
2022-11-07,-0.4122776797123867
2022-11-08,-0.4121549202056577
2022-11-09,-0.4097678073848946
2022-11-10,-0.4071565721782586
2022-11-11,-0.41422311883734964
2022-11-14,-0.4108597482016636
2022-11-15,-0.40155242647555656
2022-11-16,-0.40605585653097165
2022-11-17,-0.3895483867706251
2022-11-18,-0.38917874469513114
2022-11-21,-0.3910088672257348
2022-11-22,-0.3886544872699853
2022-11-23,-0.3825744474667132
2022-11-24,-0.39191266215423204
2022-11-25,-0.3924395858833304
2022-11-28,-0.390460212000454
2022-11-29,-0.39512555614801625
2022-11-30,-0.3997031322592465
2022-12-01,-0.39988645743350393
2022-12-02,-0.3931128811575201
2022-12-05,-0.3933785272868747
2022-12-06,-0.408366968647365
2022-12-07,-0.41679023432597484
2022-12-08,-0.41498789233536915
2022-12-09,-0.41804243081819437
2022-12-12,-0.41087587650954094
2022-12-13,-0.40451372497248017
2022-12-14,-0.41493626985241316
2022-12-15,-0.4026334080969175
2022-12-16,-0.4029558179594225
2022-12-19,-0.4107778439788574
2022-12-20,-0.4133983817077942
2022-12-21,-0.4184556393901401
2022-12-22,-0.4140207912681958
2022-12-23,-0.4252143793431299
2022-12-26,-0.428030851689042
2022-12-27,-0.41621552794813477
2022-12-28,-0.4249782172969122
2022-12-29,-0.4314441539545657
2022-12-30,-0.42149468231354226
2023-01-02,-0.43274799571269396
2023-01-03,-0.4265281325706357
2023-01-04,-0.42986106778365407
2023-01-05,-0.4147500522471068
2023-01-06,-0.4220789616761381
2023-01-09,-0.4200348911110098
2023-01-10,-0.42426339459563733
2023-01-11,-0.40628304601363807
2023-01-12,-0.4127336257531178
2023-01-13,-0.406526866362776
2023-01-16,-0.38524358411687476
2023-01-17,-0.3680194279329565
2023-01-18,-0.36642641452625146
2023-01-19,-0.3805454813587127
2023-01-20,-0.3773034681714106
2023-01-23,-0.38104477337454923
2023-01-24,-0.37564137392256625
2023-01-25,-0.36934524982760963
2023-01-26,-0.363740936866494
2023-01-27,-0.3668667649774716
2023-01-30,-0.37416331632116095
2023-01-31,-0.38329607807193833
2023-02-01,-0.36967841669745916
2023-02-02,-0.3641933613448818
2023-02-03,-0.364594703870022
2023-02-06,-0.360570921562937
2023-02-07,-0.3671293832817125
2023-02-08,-0.3766749436801603
2023-02-09,-0.3629246918527713
2023-02-10,-0.34096198390794175
2023-02-13,-0.32730847082964387
2023-02-14,-0.32854516981049886
2023-02-15,-0.32247992175346996
2023-02-16,-0.33758691070071223
2023-02-17,-0.34117875115680973
2023-02-20,-0.3519073805248283
2023-02-21,-0.36097333885718186
2023-02-22,-0.34831616647449826
2023-02-23,-0.3524031362515988
2023-02-24,-0.3511456129614746
2023-02-27,-0.34177820260549796
2023-02-28,-0.3483080215478179
2023-03-01,-0.33483651503485046
2023-03-02,-0.337122090552033
2023-03-03,-0.3319010238559671
2023-03-06,-0.34506363895923486
2023-03-07,-0.3507574219865005
2023-03-08,-0.3532256964753916
2023-03-09,-0.35338788428064305
2023-03-10,-0.36653984479465207
2023-03-13,-0.3666078840899474
2023-03-14,-0.36305597642479215
2023-03-15,-0.3629090631492581
2023-03-16,-0.3652365152466006
2023-03-17,-0.36047263389100703
2023-03-20,-0.35705120611365015
2023-03-21,-0.36469265076186097
2023-03-22,-0.37162583488265655
2023-03-23,-0.37804752736833835
2023-03-24,-0.3567164863724589
2023-03-27,-0.35878427433211957
2023-03-28,-0.35360638108718434
2023-03-29,-0.3781999167937198
2023-03-30,-0.3539542544232601
2023-03-31,-0.34937807770152207
2023-04-03,-0.3618234145629666
2023-04-04,-0.3697047904203302
2023-04-05,-0.3747232093183894
2023-04-06,-0.38059378581050884
2023-04-07,-0.38980813169356565
2023-04-10,-0.3789147762947618
2023-04-11,-0.3749409102044996
2023-04-12,-0.367863034153592
2023-04-13,-0.36500680586301737
2023-04-14,-0.3476696063028393
2023-04-17,-0.34902529943011384
2023-04-18,-0.3554202093295026
2023-04-19,-0.3536893852659132
2023-04-20,-0.3490920901403193
2023-04-21,-0.35313949644657117
2023-04-24,-0.3351002967080411
2023-04-25,-0.33557889480264946
2023-04-26,-0.3384791959124732
2023-04-27,-0.34931125742841174
2023-04-28,-0.33674398501136127
2023-05-01,-0.3457741200322775
2023-05-02,-0.3441060067092998
2023-05-03,-0.3228699947301302
2023-05-04,-0.3335514933044016
2023-05-05,-0.34243860387193725
2023-05-08,-0.35322161389301254
2023-05-09,-0.3437854234626462
2023-05-10,-0.3384175322515164
2023-05-11,-0.33543667699948376
2023-05-12,-0.32834511410141054
2023-05-15,-0.32244734412591924
2023-05-16,-0.3292060838361984
2023-05-17,-0.3184025791365114
2023-05-18,-0.32455085911968096
2023-05-19,-0.3197562455818156
2023-05-22,-0.324664983132237
2023-05-23,-0.3213189631008886
2023-05-24,-0.31186889741113266
2023-05-25,-0.3154310064167253
2023-05-26,-0.33391433352520594
2023-05-29,-0.333580674350337
2023-05-30,-0.3412826332410519
2023-05-31,-0.35239127953376415
2023-06-01,-0.3619250602305851
2023-06-02,-0.35141832228064374
2023-06-05,-0.34021558640708294
2023-06-06,-0.3481931283681621
2023-06-07,-0.35031842962173243
2023-06-08,-0.3601649752228683
2023-06-09,-0.3564523392157676
2023-06-12,-0.3577722853686359
2023-06-13,-0.3528592538156472
2023-06-14,-0.35815755787349746
2023-06-15,-0.3542979071787754
2023-06-16,-0.3518434810228549
2023-06-19,-0.35795661696271297
2023-06-20,-0.36168572707923663
2023-06-21,-0.3636636629866892
2023-06-22,-0.3596539067415251
2023-06-23,-0.3421957130896124
2023-06-26,-0.3453489354137237
2023-06-27,-0.3319389386713897
2023-06-28,-0.33769805872683634
2023-06-29,-0.33140091136987204
2023-06-30,-0.3462751467366523
2023-07-03,-0.3413292665412859
2023-07-04,-0.34394150980515825
2023-07-05,-0.3491608711965617
2023-07-06,-0.32919818207749096
2023-07-07,-0.32990246921459854
2023-07-10,-0.34375743207380005
2023-07-11,-0.3348846233316254
2023-07-12,-0.3285912633048209
2023-07-13,-0.31860344115366335
2023-07-14,-0.3263595552249817
2023-07-17,-0.32695773490174873
2023-07-18,-0.3273491136316129
2023-07-19,-0.3266719450469342
2023-07-20,-0.33746143178165156
2023-07-21,-0.3425483747307001
2023-07-24,-0.3306386824400066
2023-07-25,-0.3394635549431
2023-07-26,-0.338065765240007
2023-07-27,-0.345008920368705
2023-07-28,-0.35614983061901195
2023-07-31,-0.37040306177818294
2023-08-01,-0.368565094602741
2023-08-02,-0.3659891877349418
2023-08-03,-0.3665102677848078
2023-08-04,-0.3735309683317828
2023-08-07,-0.3734258160173297
2023-08-08,-0.3627399544682304
2023-08-09,-0.3523134573197426
2023-08-10,-0.3434663450205343
2023-08-11,-0.33704580152698915
2023-08-14,-0.3336360823766642
2023-08-15,-0.3329537296250976
2023-08-16,-0.3337914857499421
2023-08-17,-0.33696160329067726
2023-08-18,-0.33293961097918734
2023-08-21,-0.33609529486399803
2023-08-22,-0.33632283173582334
2023-08-23,-0.3446063240011048
2023-08-24,-0.3511621557949911
2023-08-25,-0.3458400231934169
2023-08-28,-0.3450971918072635
2023-08-29,-0.3359259639372103
2023-08-30,-0.3176117746459788
2023-08-31,-0.3107547238794657
2023-09-01,-0.30201343289911553
2023-09-04,-0.30555750457222053
2023-09-05,-0.3050259644020795
2023-09-06,-0.3075184520643205
2023-09-07,-0.30958432990257256
2023-09-08,-0.30102991414140945
2023-09-11,-0.29894625105961226
2023-09-12,-0.30148796854769944
2023-09-13,-0.3177738238996791
2023-09-14,-0.3111821219262966
2023-09-15,-0.3203367444098385
2023-09-18,-0.30917044713812947
2023-09-19,-0.3203691330152292
2023-09-20,-0.3209574167764305
2023-09-21,-0.3054624591132239
2023-09-22,-0.31648851489144747
2023-09-25,-0.29871447363008374
2023-09-26,-0.2902337638922914
2023-09-27,-0.3064394494114254
2023-09-28,-0.3049695667093869
2023-09-29,-0.30337437964459857
2023-10-02,-0.31953877472852743
2023-10-03,-0.3046154791613086
2023-10-04,-0.30039399013889934
2023-10-05,-0.28267528584995694
2023-10-06,-0.2805887738336946
2023-10-09,-0.278460739712008
2023-10-10,-0.29489603302169787
2023-10-11,-0.28881971551426877
2023-10-12,-0.2788767990650146
2023-10-13,-0.27600383628058744
2023-10-16,-0.2690132702437289
2023-10-17,-0.2815964139408538
2023-10-18,-0.26147995668770374
2023-10-19,-0.26835318845853695
2023-10-20,-0.2801755722370387
2023-10-23,-0.27695125150734123
2023-10-24,-0.27740917753329175
2023-10-25,-0.2888456838817254
2023-10-26,-0.2880322954323251
2023-10-27,-0.29155528928823216
2023-10-30,-0.28453915165303867
2023-10-31,-0.29039488835181304
2023-11-01,-0.3098373863563726
2023-11-02,-0.3238782175298528
2023-11-03,-0.3244856832624906
2023-11-06,-0.3244557293358432
2023-11-07,-0.3339216192867883
2023-11-08,-0.3373436656755162
2023-11-09,-0.34868841121535166
2023-11-10,-0.32888020037980903
2023-11-13,-0.32814034350379917
2023-11-14,-0.3224390472674191
2023-11-15,-0.33937389117276373
2023-11-16,-0.33181675128077626
2023-11-17,-0.3266285215878717
2023-11-20,-0.3245657122070863
2023-11-21,-0.32316952439984903
2023-11-22,-0.337400288781854
2023-11-23,-0.34215939253172967
2023-11-24,-0.3196121689116793
2023-11-27,-0.31590194866799315
2023-11-28,-0.31325819704322355
2023-11-29,-0.2929013302205923
2023-11-30,-0.2854512487126152
2023-12-01,-0.2907220874363007
2023-12-04,-0.2799219300380903
2023-12-05,-0.2767493737374439
2023-12-06,-0.2809520834141731
2023-12-07,-0.28173517575648555
2023-12-08,-0.27378301489053836
2023-12-11,-0.276446160506688
2023-12-12,-0.28031169881886364
2023-12-13,-0.26730040452304227
2023-12-14,-0.2858944829480312
2023-12-15,-0.2949668651046148
2023-12-18,-0.2972490286724714
2023-12-19,-0.305642673280182
2023-12-20,-0.29290254987758557
2023-12-21,-0.2908890276890026
2023-12-22,-0.2964342869845952
2023-12-25,-0.30846260057588626
2023-12-26,-0.28806966834798564
2023-12-27,-0.2747710685716691
2023-12-28,-0.2735903378013427
2023-12-29,-0.2767676132928014
2024-01-01,-0.27062917801671693
2024-01-02,-0.28947177181893446
2024-01-03,-0.27643948780684635
2024-01-04,-0.2815203423501853
2024-01-05,-0.28381198643412053
2024-01-08,-0.295625113406607
2024-01-09,-0.2973959270873
2024-01-10,-0.28315023560080455
2024-01-11,-0.28961681027070285
2024-01-12,-0.287644293000769
2024-01-15,-0.2875968959160783
2024-01-16,-0.27377575489909445
2024-01-17,-0.2630775249032645
2024-01-18,-0.2593290051266568
2024-01-19,-0.2543750688310267
2024-01-22,-0.27168246490264714
2024-01-23,-0.25883586141035253
2024-01-24,-0.243741056895744
2024-01-25,-0.2504138462861969
2024-01-26,-0.2406058785893016
2024-01-29,-0.23174836708973878
2024-01-30,-0.23729231156842878
2024-01-31,-0.22402507589126364
2024-02-01,-0.2231130696250495
2024-02-02,-0.21936100844297735
2024-02-05,-0.2096860687876717
2024-02-06,-0.21030633215569616
2024-02-07,-0.22151165519051763
2024-02-08,-0.23325855067391976
2024-02-09,-0.2309068589387836
2024-02-12,-0.23990824121253662
2024-02-13,-0.23994578950598677
2024-02-14,-0.2639105012601678
2024-02-15,-0.2738476354314312
2024-02-16,-0.2655144654299523
2024-02-19,-0.25065373388310896
2024-02-20,-0.2574602184480239
2024-02-21,-0.2578337213719757
2024-02-22,-0.26916435372598757
2024-02-23,-0.25255645231463153
2024-02-26,-0.25102765776965963
2024-02-27,-0.2374687362707848
2024-02-28,-0.22943739090299686
2024-02-29,-0.23387244129876417
2024-03-01,-0.23177693330383187
2024-03-04,-0.20962856626062065
2024-03-05,-0.21116520807031902
2024-03-06,-0.2336312376665799
2024-03-07,-0.24284007033426758
2024-03-08,-0.2427476733967442
2024-03-11,-0.24630809648214536
2024-03-12,-0.23815768219613065
2024-03-13,-0.2388390862437928
2024-03-14,-0.2248138226722033
2024-03-15,-0.22319269063620262
2024-03-18,-0.23358279896499312
2024-03-19,-0.23126416527324012
2024-03-20,-0.21937538941506207
2024-03-21,-0.22443795521631915
2024-03-22,-0.22359534700596229
2024-03-25,-0.217665360829709
2024-03-26,-0.2209872520487477
2024-03-27,-0.22422854266971193
2024-03-28,-0.2159179978502287
2024-03-29,-0.21421618318596358
2024-04-01,-0.23442720245457693
2024-04-02,-0.25463648864921085
2024-04-03,-0.2427970365359653
2024-04-04,-0.2480570055900756
2024-04-05,-0.24323489033051848
2024-04-08,-0.23940673138257162
2024-04-09,-0.23440697335909388
2024-04-10,-0.22840573961875776
2024-04-11,-0.2231646954388713
2024-04-12,-0.2372032587452657
2024-04-15,-0.2352106547710987
2024-04-16,-0.23926830242215735
2024-04-17,-0.22983555657105148
2024-04-18,-0.2281203947354934
2024-04-19,-0.22584444826594763
2024-04-22,-0.20245150508851795
2024-04-23,-0.20155534461945812
2024-04-24,-0.20830236003800218
2024-04-25,-0.21695829969544345
2024-04-26,-0.19784243740353868
2024-04-29,-0.20584411037074846
2024-04-30,-0.1861387266248551
2024-05-01,-0.1951941174334766
2024-05-02,-0.20265322535343455
2024-05-03,-0.1828844573412941
2024-05-06,-0.17178841501704023
2024-05-07,-0.17360682211975687
2024-05-08,-0.16822847348156467
2024-05-09,-0.17950039046890942
2024-05-10,-0.1713702050648953
2024-05-13,-0.17875775718170495
2024-05-14,-0.16045566868082517
2024-05-15,-0.1612663030550694
2024-05-16,-0.16013403569882056
2024-05-17,-0.15605921483301333
2024-05-20,-0.16539354929130268
2024-05-21,-0.1677926518973093
2024-05-22,-0.17972647404783892
2024-05-23,-0.17385376606564418
2024-05-24,-0.18647783378268357
2024-05-27,-0.19185128019719067
2024-05-28,-0.18269928355394383
2024-05-29,-0.20833089778170144
2024-05-30,-0.2152620946359718
2024-05-31,-0.21446500950089342
2024-06-03,-0.2241351045150829
2024-06-04,-0.2338308993567052
2024-06-05,-0.2352118573650268
2024-06-06,-0.22862890017846837
2024-06-07,-0.24917944868222086
2024-06-10,-0.2549803858954597
2024-06-11,-0.25506949501867937
2024-06-12,-0.2722577456322818
2024-06-13,-0.2710930228240659
2024-06-14,-0.25999505876797135
2024-06-17,-0.26082331721213703
2024-06-18,-0.26453170297439554
2024-06-19,-0.2624547920305422
2024-06-20,-0.26938431710486777
2024-06-21,-0.2670654570978289
2024-06-24,-0.27168520395755924
2024-06-25,-0.24708770294411542
2024-06-26,-0.25054487370397327
2024-06-27,-0.23012232474930283
2024-06-28,-0.24750565270695168
2024-07-01,-0.2579581716896878
2024-07-02,-0.2499216435059728
2024-07-03,-0.256102664187593
2024-07-04,-0.2462730422131485
2024-07-05,-0.2632511355601721
2024-07-08,-0.25516758037479836
2024-07-09,-0.26702978439397795
2024-07-10,-0.25388748719202636
2024-07-11,-0.26445634857130795
2024-07-12,-0.2696170399342587
2024-07-15,-0.264627476518541
2024-07-16,-0.24855529751305194
2024-07-17,-0.2549733813470879
2024-07-18,-0.24419169855921075
2024-07-19,-0.25894023385438913
2024-07-22,-0.2614741404529374
2024-07-23,-0.2592037216054448
2024-07-24,-0.2783038865057744
2024-07-25,-0.2826751814741111
2024-07-26,-0.2838632247210784
2024-07-29,-0.2942871321000262
2024-07-30,-0.29356136296262414
2024-07-31,-0.3113528608744569
2024-08-01,-0.3220263749821235
2024-08-02,-0.3288852676744466
2024-08-05,-0.3256724350780107
2024-08-06,-0.31314247274751783
2024-08-07,-0.3211310320865082
2024-08-08,-0.3059094332643246
2024-08-09,-0.290738152079264
2024-08-12,-0.275303991654966
2024-08-13,-0.28089287925372897
2024-08-14,-0.28762443084478795
2024-08-15,-0.2787041918787303
2024-08-16,-0.2804401273971697
2024-08-19,-0.2623802861930371
2024-08-20,-0.27939732558783814
2024-08-21,-0.2646078844772035
2024-08-22,-0.2637152815696614
2024-08-23,-0.26211106255700867
2024-08-26,-0.24792169488332905
2024-08-27,-0.23928776152968023
2024-08-28,-0.23781585090358082
2024-08-29,-0.22607884751165852
2024-08-30,-0.22914593388704096
2024-09-02,-0.21031008691739728
2024-09-03,-0.21109249703663846
2024-09-04,-0.20946229792355497
2024-09-05,-0.22927529391341894
2024-09-06,-0.23695941363734718
2024-09-09,-0.22822475379501916
2024-09-10,-0.2262738680521893
2024-09-11,-0.2359813733268843
2024-09-12,-0.2301129223445536
2024-09-13,-0.22472256194467144
2024-09-16,-0.2193807651839197
2024-09-17,-0.20341284742446142
2024-09-18,-0.19447520171329435
2024-09-19,-0.18744110654272284
2024-09-20,-0.1762066168292119
2024-09-23,-0.170612142192479
2024-09-24,-0.17150771998721348
2024-09-25,-0.17414702528153003
2024-09-26,-0.1740742225258456
2024-09-27,-0.1698985001799601
2024-09-30,-0.17649414683655051
2024-10-01,-0.19444412439038072
2024-10-02,-0.18561649588581286
2024-10-03,-0.18044371201884835
2024-10-04,-0.1968153902678863
2024-10-07,-0.1807486884352305
2024-10-08,-0.18222642330594474
2024-10-09,-0.17998517193423647
2024-10-10,-0.17708576878731097
2024-10-11,-0.17477945614647405
2024-10-14,-0.18201287649266262
2024-10-15,-0.19046571458797967
2024-10-16,-0.21258267778161666
2024-10-17,-0.2159209051921971
2024-10-18,-0.22443098753703028
2024-10-21,-0.22070587664808894
2024-10-22,-0.22398447132397947
2024-10-23,-0.21649824780538263
2024-10-24,-0.21128152694083102
2024-10-25,-0.21469738120753812
2024-10-28,-0.21507534649258997
2024-10-29,-0.21252131293137821
2024-10-30,-0.2157836049059536
2024-10-31,-0.23669055487265311
2024-11-01,-0.24626447500393212
2024-11-04,-0.22814187775226458
2024-11-05,-0.24980122629260337
2024-11-06,-0.2662276667277095
2024-11-07,-0.2682534521488428
2024-11-08,-0.2671216993671691
2024-11-11,-0.28389985250769334
2024-11-12,-0.280237685415727
2024-11-13,-0.2869449257229647
2024-11-14,-0.28528030025249906
2024-11-15,-0.2992224171374074
2024-11-18,-0.31023447134684456
2024-11-19,-0.3085194442587089
2024-11-20,-0.3034736583301527
2024-11-21,-0.3039092284617426
2024-11-22,-0.3012478975236683
2024-11-25,-0.2956066224510242
2024-11-26,-0.30225883853236113
2024-11-27,-0.3154154370999004
2024-11-28,-0.3137372254800882
2024-11-29,-0.3145749614045378
2024-12-02,-0.3115478110326466
2024-12-03,-0.3248733245343097
2024-12-04,-0.340322050369225
2024-12-05,-0.33445862938315996
2024-12-06,-0.3374728564862538
2024-12-09,-0.32538526356895936
2024-12-10,-0.33598483409493074
2024-12-11,-0.3102327766144105
2024-12-12,-0.3082365194415927
2024-12-13,-0.3071558229900111
2024-12-16,-0.3213537875523512
2024-12-17,-0.31588437764807964
2024-12-18,-0.32199703578554895
2024-12-19,-0.32220013034052597
2024-12-20,-0.32691974592637507
2024-12-23,-0.3109948676560377
2024-12-24,-0.30767960848375353
2024-12-25,-0.301868204530503
2024-12-26,-0.3117457218425479
2024-12-27,-0.3101212977476252
2024-12-30,-0.3117784811495581
2024-12-31,-0.32016453835456715
2025-01-01,-0.3115283239062203
2025-01-02,-0.32133710744806354
2025-01-03,-0.31975411720562064
2025-01-06,-0.32460604311551944
2025-01-07,-0.32254006373623223
2025-01-08,-0.34557011874684296
2025-01-09,-0.3440092698266912
2025-01-10,-0.354147955364603
2025-01-13,-0.35738844206464515
2025-01-14,-0.3616473718015284
2025-01-15,-0.38045871282706123
2025-01-16,-0.36772249700527504
2025-01-17,-0.358402918334649
2025-01-20,-0.35951547225890557
2025-01-21,-0.35485682034136035
2025-01-22,-0.3616856217582981
2025-01-23,-0.36005588552210066
2025-01-24,-0.354139660566683
2025-01-27,-0.34764762392165915
2025-01-28,-0.3633191782630457
2025-01-29,-0.3622473051357067
2025-01-30,-0.3812104647456783
2025-01-31,-0.38231869616744973
2025-02-03,-0.3763570693204412
2025-02-04,-0.39508834215134603
2025-02-05,-0.3833889453780339
2025-02-06,-0.37018284795077605
2025-02-07,-0.3674302360055933
2025-02-10,-0.3665312927619905
2025-02-11,-0.3735346365453406
2025-02-12,-0.37023059288424365
2025-02-13,-0.3580823737503195
2025-02-14,-0.36050628581807653
2025-02-17,-0.3678660693489567
2025-02-18,-0.3631918288871673
2025-02-19,-0.36695767941817203
2025-02-20,-0.37706612592183997
2025-02-21,-0.37354120567985627
2025-02-24,-0.3788716330866785
2025-02-25,-0.3777601371004259
2025-02-26,-0.3715097952361476
2025-02-27,-0.37603531606079343
2025-02-28,-0.3732430159410193
2025-03-03,-0.36265977991263376
2025-03-04,-0.36496212140320217
2025-03-05,-0.375792279879694
2025-03-06,-0.36426190451070783
2025-03-07,-0.35276757676463955
2025-03-10,-0.34527325875377135
2025-03-11,-0.35723903557159087
2025-03-12,-0.3376303751406905
2025-03-13,-0.33642840760622894
2025-03-14,-0.3310508396370837
2025-03-17,-0.32002969179725527
2025-03-18,-0.3086228439228492
2025-03-19,-0.31325353427859304
2025-03-20,-0.3117951573819169
2025-03-21,-0.3161043500065255
2025-03-24,-0.31022258126726787
2025-03-25,-0.3243714039058646
2025-03-26,-0.3250205149152755
2025-03-27,-0.32362420871340836
2025-03-28,-0.3300257759031877
2025-03-31,-0.3180869325867375
2025-04-01,-0.3144779320779546
2025-04-02,-0.30672246526514446
2025-04-03,-0.3132029411457464
2025-04-04,-0.31391745814734606
2025-04-07,-0.33158534567832676
2025-04-08,-0.32340440114141
2025-04-09,-0.33366737860403284
2025-04-10,-0.3352853046905847
2025-04-11,-0.3469357337382316
2025-04-14,-0.3474776422454491
2025-04-15,-0.35110698986340927
2025-04-16,-0.3423429322081829
2025-04-17,-0.3292056789781921
2025-04-18,-0.32081171347144555
2025-04-21,-0.3248828637900584
2025-04-22,-0.32568860379205056
2025-04-23,-0.318633550305795
2025-04-24,-0.3095500220010957
2025-04-25,-0.30504222773007506
2025-04-28,-0.3017683509984249
2025-04-29,-0.3115616266532192
2025-04-30,-0.32422260701626227
2025-05-01,-0.34302513283722336
2025-05-02,-0.3286293540348625
2025-05-05,-0.3296187282291899
2025-05-06,-0.32875255389534186
2025-05-07,-0.3077388595111269
2025-05-08,-0.3142631744404697
2025-05-09,-0.31216491718327766
2025-05-12,-0.31409374200104
2025-05-13,-0.30869916156927235
2025-05-14,-0.3235288131785785
2025-05-15,-0.3169578786141273
2025-05-16,-0.30951865433016656
2025-05-19,-0.3167252152860188
2025-05-20,-0.31637806056867634
2025-05-21,-0.31646208455383484
2025-05-22,-0.33075279949252234
2025-05-23,-0.3373848181899789
2025-05-26,-0.34808170015949114
2025-05-27,-0.3512576263296382
2025-05-28,-0.3501835858210659
2025-05-29,-0.3337218639277638
2025-05-30,-0.34203836032076307
2025-06-02,-0.3318367905048283
2025-06-03,-0.34027534669989257
2025-06-04,-0.33947708341518146
2025-06-05,-0.335567165316186
2025-06-06,-0.3403115969648298
2025-06-09,-0.33601762362319765
2025-06-10,-0.3385969664226477
2025-06-11,-0.3352393714409643
2025-06-12,-0.3384305491132623
2025-06-13,-0.33816519702694503
2025-06-16,-0.357831519100305
2025-06-17,-0.3604709417263866
2025-06-18,-0.356000007135132
2025-06-19,-0.3460295243282214
2025-06-20,-0.34197592997833115
2025-06-23,-0.338947297495954
2025-06-24,-0.3415201786991503
2025-06-25,-0.3343978990366171
2025-06-26,-0.32326769576687053
2025-06-27,-0.3256356686480669
2025-06-30,-0.3311686951487789
2025-07-01,-0.3318025477326676
2025-07-02,-0.33604304258293904
2025-07-03,-0.32860030918701744
2025-07-04,-0.32484187204442694
2025-07-07,-0.32656947358891364
2025-07-08,-0.3211514535954113
2025-07-09,-0.3258895988769076
2025-07-10,-0.3250090021842963
2025-07-11,-0.32115077198870556
2025-07-14,-0.32783566728378255
2025-07-15,-0.3216422338552465
2025-07-16,-0.3266414857453921
2025-07-17,-0.3244892067764795
2025-07-18,-0.3194878846789653
2025-07-21,-0.30997233926041545
2025-07-22,-0.3030673870615156
2025-07-23,-0.2987503160203637
2025-07-24,-0.3081542874023565
2025-07-25,-0.31394535445947336
2025-07-28,-0.30833356290533065
2025-07-29,-0.33025050403275025
2025-07-30,-0.34183245898106707
2025-07-31,-0.34156733296676334
2025-08-01,-0.3384607358502947
2025-08-04,-0.34291411188815824
2025-08-05,-0.3359732043264916
2025-08-06,-0.3432453699081516
2025-08-07,-0.34919767566856297
2025-08-08,-0.353862747050561
2025-08-11,-0.33350109296617547
2025-08-12,-0.32374276661826407
2025-08-13,-0.3277172788589082
2025-08-14,-0.3151133710262718
2025-08-15,-0.317016988433126
2025-08-18,-0.3170545288416786
2025-08-19,-0.3307695501868123
2025-08-20,-0.33180119691569276
2025-08-21,-0.32594676096302333
2025-08-22,-0.33136294662925003
2025-08-25,-0.3303233020113199
2025-08-26,-0.3364025565411871
2025-08-27,-0.3300413809608388
2025-08-28,-0.3223994101420048
2025-08-29,-0.33736797733859636
2025-09-01,-0.3386837594146779
2025-09-02,-0.3303923935753761
2025-09-03,-0.3378653330790382
2025-09-04,-0.3370617312588243
2025-09-05,-0.3337323904522045
2025-09-08,-0.35249347233924866
2025-09-09,-0.34712269260447537
2025-09-10,-0.3512632065438127
2025-09-11,-0.35059707134497353
2025-09-12,-0.35051292304010073
2025-09-15,-0.3567114744838349
2025-09-16,-0.35025214166664953
2025-09-17,-0.3483793858220142
2025-09-18,-0.3423426294054709
2025-09-19,-0.34482658565459556
2025-09-22,-0.34399186571964646
2025-09-23,-0.34174374654651285
2025-09-24,-0.33398912408755477
2025-09-25,-0.3229561144702551
2025-09-26,-0.331998150680488
2025-09-29,-0.3356096193898578
2025-09-30,-0.33810187554087745
2025-10-01,-0.3302189470743354
2025-10-02,-0.3339131873742476
2025-10-03,-0.31217415182333486
2025-10-06,-0.3060025653593743
2025-10-07,-0.309025661329252
2025-10-08,-0.2943661519701207
2025-10-09,-0.28899549867282104
2025-10-10,-0.308016980517126
2025-10-13,-0.29889002702881307
2025-10-14,-0.2716658541231979
2025-10-15,-0.2705036048554932
2025-10-16,-0.27544122649768255
2025-10-17,-0.2817786552575531
2025-10-20,-0.2871117920390863
2025-10-21,-0.2906272689742745
2025-10-22,-0.2880472431992561
2025-10-23,-0.29095935267809825
2025-10-24,-0.29109730639774634
2025-10-27,-0.29929698251643866
2025-10-28,-0.29677450826379115
2025-10-29,-0.28628239586312243
2025-10-30,-0.28179528161104983
2025-10-31,-0.2798460321582309
2025-11-03,-0.2867600335707289
2025-11-04,-0.29245947678476636
2025-11-05,-0.3017564380229991
2025-11-06,-0.31229782928767813
2025-11-07,-0.3228429559987094
2025-11-10,-0.3280195552774694
2025-11-11,-0.3380119827678417
2025-11-12,-0.3308449998521389
2025-11-13,-0.3322542109412142
2025-11-14,-0.32974169057445757
2025-11-17,-0.313614304685891
2025-11-18,-0.3068492779221582
2025-11-19,-0.32293044717674524
2025-11-20,-0.3246716912317543
2025-11-21,-0.32316582469473354
2025-11-24,-0.3274414377780154
2025-11-25,-0.32940586201963773
2025-11-26,-0.31549616915843626
2025-11-27,-0.32035614968869697
2025-11-28,-0.3265575209087437
2025-12-01,-0.3328368025401891
2025-12-02,-0.3308903592215525
2025-12-03,-0.3310605066903721
2025-12-04,-0.34599032217575276
2025-12-05,-0.34763881888952475
2025-12-08,-0.3505243655288387
2025-12-09,-0.34057814723550195
2025-12-10,-0.3509701266337818
2025-12-11,-0.3363200851311614
2025-12-12,-0.3342780758338654
2025-12-15,-0.3364323006445654
2025-12-16,-0.32791353742087526
2025-12-17,-0.33128584584943843
2025-12-18,-0.3258357459652519
2025-12-19,-0.32594284390911665
2025-12-22,-0.32724927566291095
2025-12-23,-0.3428139661348203
2025-12-24,-0.3379820856708462
2025-12-25,-0.3257254963553332
2025-12-26,-0.3494038384851541
2025-12-29,-0.3488528116335887
2025-12-30,-0.34140421846760394
2025-12-31,-0.3290482017495956
2026-01-01,-0.3300201651172272
2026-01-02,-0.32417001879056395
