Date Snapshot,Rolling Volatility
2020-04-29,
2020-04-30,
2020-05-01,
2020-05-04,
2020-05-05,
2020-05-06,
2020-05-07,
2020-05-08,
2020-05-11,
2020-05-12,
2020-05-13,
2020-05-14,
2020-05-15,
2020-05-18,
2020-05-19,
2020-05-20,
2020-05-21,
2020-05-22,
2020-05-25,
2020-05-26,
2020-05-27,
2020-05-28,
2020-05-29,
2020-06-01,
2020-06-02,
2020-06-03,
2020-06-04,
2020-06-05,
2020-06-08,
2020-06-09,
2020-06-10,
2020-06-11,
2020-06-12,
2020-06-15,
2020-06-16,
2020-06-17,
2020-06-18,
2020-06-19,
2020-06-22,
2020-06-23,
2020-06-24,
2020-06-25,
2020-06-26,
2020-06-29,
2020-06-30,
2020-07-01,
2020-07-02,
2020-07-03,
2020-07-06,
2020-07-07,
2020-07-08,
2020-07-09,
2020-07-10,
2020-07-13,
2020-07-14,
2020-07-15,
2020-07-16,
2020-07-17,
2020-07-20,
2020-07-21,
2020-07-22,
2020-07-23,
2020-07-24,
2020-07-27,
2020-07-28,
2020-07-29,
2020-07-30,
2020-07-31,
2020-08-03,
2020-08-04,
2020-08-05,
2020-08-06,
2020-08-07,
2020-08-10,
2020-08-11,
2020-08-12,
2020-08-13,
2020-08-14,
2020-08-17,
2020-08-18,
2020-08-19,
2020-08-20,
2020-08-21,
2020-08-24,
2020-08-25,
2020-08-26,
2020-08-27,
2020-08-28,
2020-08-31,
2020-09-01,
2020-09-02,
2020-09-03,
2020-09-04,
2020-09-07,
2020-09-08,
2020-09-09,
2020-09-10,
2020-09-11,
2020-09-14,
2020-09-15,
2020-09-16,
2020-09-17,
2020-09-18,
2020-09-21,
2020-09-22,
2020-09-23,
2020-09-24,
2020-09-25,
2020-09-28,
2020-09-29,
2020-09-30,
2020-10-01,
2020-10-02,
2020-10-05,
2020-10-06,
2020-10-07,
2020-10-08,
2020-10-09,
2020-10-12,
2020-10-13,
2020-10-14,
2020-10-15,
2020-10-16,
2020-10-19,
2020-10-20,
2020-10-21,0.20116315615025668
2020-10-22,0.20616506125007866
2020-10-23,0.20668641433760335
2020-10-26,0.20661381574289553
2020-10-27,0.20613096792464844
2020-10-28,0.20642713041015184
2020-10-29,0.20629177629480402
2020-10-30,0.20633659370607652
2020-11-02,0.20600364172945557
2020-11-03,0.20501259213386558
2020-11-04,0.19432676838583593
2020-11-05,0.19371565642635008
2020-11-06,0.19460433520287523
2020-11-09,0.19465190735242488
2020-11-10,0.19370620493868357
2020-11-11,0.19548437471057617
2020-11-12,0.19550715432962631
2020-11-13,0.19583822367826578
2020-11-16,0.1956719839027865
2020-11-17,0.19402945235261107
2020-11-18,0.19459166942271147
2020-11-19,0.1947674437218717
2020-11-20,0.19561467994348622
2020-11-23,0.19626195356881115
2020-11-24,0.19594326372677673
2020-11-25,0.19616387178948533
2020-11-26,0.19545678032323002
2020-11-27,0.19545862274626508
2020-11-30,0.19378245144841344
2020-12-01,0.19605077857619793
2020-12-02,0.19528547258572304
2020-12-03,0.19333482501671548
2020-12-04,0.19451402507440219
2020-12-07,0.19436767442113875
2020-12-08,0.19442378507855254
2020-12-09,0.19395562818733367
2020-12-10,0.19998655792866019
2020-12-11,0.20122109597711943
2020-12-14,0.2019519890862636
2020-12-15,0.20346441320227682
2020-12-16,0.20200021401767865
2020-12-17,0.20745146100644174
2020-12-18,0.20720040651941998
2020-12-21,0.21009563234171055
2020-12-22,0.20985675897054945
2020-12-23,0.21323374121736008
2020-12-24,0.2123392824089888
2020-12-25,0.21288085912042268
2020-12-28,0.21284602415530277
2020-12-29,0.2132431114257606
2020-12-30,0.21317545169952445
2020-12-31,0.2131442821787866
2021-01-01,0.21218074063933834
2021-01-04,0.21183511800192698
2021-01-05,0.21084631368586945
2021-01-06,0.21270380755147966
2021-01-07,0.21289430223059166
2021-01-08,0.21557285345500446
2021-01-11,0.21535451402399775
2021-01-12,0.21528016003922215
2021-01-13,0.21423209521848702
2021-01-14,0.21056254131151603
2021-01-15,0.21853098625071718
2021-01-18,0.2185137150533267
2021-01-19,0.2184993670640295
2021-01-20,0.21748278672726631
2021-01-21,0.2174848478981137
2021-01-22,0.21785600852447054
2021-01-25,0.21673955695229655
2021-01-26,0.21656096115467152
2021-01-27,0.21638562874061085
2021-01-28,0.21630518249916786
2021-01-29,0.21642697151848958
2021-02-01,0.2159051294309101
2021-02-02,0.21392409902904955
2021-02-03,0.21630175627290166
2021-02-04,0.21610564899913354
2021-02-05,0.21657291624131508
2021-02-08,0.2164118151736274
2021-02-09,0.21619339664566775
2021-02-10,0.2170186210984244
2021-02-11,0.21488487321790384
2021-02-12,0.2139190505784462
2021-02-15,0.21371197533229327
2021-02-16,0.2141514681208806
2021-02-17,0.21571560908076026
2021-02-18,0.21764559765561642
2021-02-19,0.21807483298098512
2021-02-22,0.21797972394401804
2021-02-23,0.21920379168973614
2021-02-24,0.2204962566858938
2021-02-25,0.22102789852845856
2021-02-26,0.2221387433765021
2021-03-01,0.22222824425434518
2021-03-02,0.22174880050179455
2021-03-03,0.22100849342799925
2021-03-04,0.2223214923772002
2021-03-05,0.22631773717491788
2021-03-08,0.22478260250046692
2021-03-09,0.22508547865616388
2021-03-10,0.22607116855418918
2021-03-11,0.2243607814825138
2021-03-12,0.22441175227040397
2021-03-15,0.2255506082451318
2021-03-16,0.22529566334494763
2021-03-17,0.22544882039495923
2021-03-18,0.22570841216222257
2021-03-19,0.22524878708026974
2021-03-22,0.2245942269513046
2021-03-23,0.22337644628984965
2021-03-24,0.22290125526530338
2021-03-25,0.22276700351048664
2021-03-26,0.22209172257639231
2021-03-29,0.22207821651820306
2021-03-30,0.2239059137460058
2021-03-31,0.22623260053515984
2021-04-01,0.22630164952127838
2021-04-02,0.22627146991017016
2021-04-05,0.22232221020326529
2021-04-06,0.22143249529781317
2021-04-07,0.2214662935181068
2021-04-08,0.21983822144159929
2021-04-09,0.22012293377179776
2021-04-12,0.22120433640905085
2021-04-13,0.22024721790000018
2021-04-14,0.2202679661346907
2021-04-15,0.2215656280840129
2021-04-16,0.22064664324904387
2021-04-19,0.2201275549740074
2021-04-20,0.22214535548337572
2021-04-21,0.22013326494852894
2021-04-22,0.21989145536732196
2021-04-23,0.21888742138479422
2021-04-26,0.21864255312151634
2021-04-27,0.2186459550320464
2021-04-28,0.21984981351137037
2021-04-29,0.22010160758361405
2021-04-30,0.22010392181479846
2021-05-03,0.21970061980909075
2021-05-04,0.2182238765521234
2021-05-05,0.21854359145525878
2021-05-06,0.2185910416431345
2021-05-07,0.2216254409473598
2021-05-10,0.22111995397357032
2021-05-11,0.2201813668457919
2021-05-12,0.22248450163743064
2021-05-13,0.22270829183489263
2021-05-14,0.2235758701105162
2021-05-17,0.22221294960543786
2021-05-18,0.2220316148575161
2021-05-19,0.22270199418425546
2021-05-20,0.2226409770125812
2021-05-21,0.22317473474756258
2021-05-24,0.22499183069295342
2021-05-25,0.22508077286610212
2021-05-26,0.2235579380121129
2021-05-27,0.22347985655892413
2021-05-28,0.22389364911322268
2021-05-31,0.22307456906023646
2021-06-01,0.2238530880547625
2021-06-02,0.2249272318313438
2021-06-03,0.22502321090993768
2021-06-04,0.22124117348578975
2021-06-07,0.2208943240639542
2021-06-08,0.22015255471870204
2021-06-09,0.22254021004326538
2021-06-10,0.22186888652983416
2021-06-11,0.2185264901688557
2021-06-14,0.2185495097399965
2021-06-15,0.21592881455145896
2021-06-16,0.2173730496554356
2021-06-17,0.212906415661996
2021-06-18,0.21411035860420508
2021-06-21,0.21326747093609058
2021-06-22,0.2133071759096171
2021-06-23,0.21302797203553112
2021-06-24,0.21364734254264228
2021-06-25,0.21451114096066887
2021-06-28,0.2145743418265569
2021-06-29,0.21422674826556512
2021-06-30,0.21526084673736298
2021-07-01,0.21482846939576875
2021-07-02,0.21504208603420855
2021-07-05,0.21193291312181622
2021-07-06,0.21279573948330358
2021-07-07,0.2117238005244163
2021-07-08,0.21170746981020813
2021-07-09,0.21160351199840227
2021-07-12,0.2027328830590691
2021-07-13,0.20537569291724803
2021-07-14,0.20552682096399735
2021-07-15,0.20541144965633998
2021-07-16,0.2063868570753538
2021-07-19,0.2065133625381752
2021-07-20,0.2065090220152394
2021-07-21,0.20813982036169437
2021-07-22,0.20889244628584466
2021-07-23,0.20975113427758493
2021-07-26,0.21061537378292336
2021-07-27,0.21246494671842708
2021-07-28,0.2133049829028069
2021-07-29,0.21158862061629935
2021-07-30,0.211878633611863
2021-08-02,0.21152943649388034
2021-08-03,0.21178367469168766
2021-08-04,0.21312285508972129
2021-08-05,0.2123978411121623
2021-08-06,0.21209622915006418
2021-08-09,0.21216497874803916
2021-08-10,0.2108885444953088
2021-08-11,0.2097468112240314
2021-08-12,0.20758504868352587
2021-08-13,0.204140802586535
2021-08-16,0.2048939067129537
2021-08-17,0.20529467138189167
2021-08-18,0.2035716242357183
2021-08-19,0.20709182250736352
2021-08-20,0.21091502572096701
2021-08-23,0.2105742278408959
2021-08-24,0.21039910845645296
2021-08-25,0.21041698393645925
2021-08-26,0.2103594900641667
2021-08-27,0.20920698821786587
2021-08-30,0.20813667774115735
2021-08-31,0.20844419286525012
2021-09-01,0.2116510065743126
2021-09-02,0.20985942447401953
2021-09-03,0.20992734700119475
2021-09-06,0.20996470639438436
2021-09-07,0.21047579915428044
2021-09-08,0.21097753654835566
2021-09-09,0.2119848475008326
2021-09-10,0.21099022039844303
2021-09-13,0.21089276306612795
2021-09-14,0.21074219323159862
2021-09-15,0.21124148827460384
2021-09-16,0.21172210999836374
2021-09-17,0.21236771370389265
2021-09-20,0.212070398857031
2021-09-21,0.21312709652258977
2021-09-22,0.21322494849353596
2021-09-23,0.21105221244324981
2021-09-24,0.21076455226935042
2021-09-27,0.21693984622447646
2021-09-28,0.21689320434614962
2021-09-29,0.21720735427487314
2021-09-30,0.2172313777318661
2021-10-01,0.21706473253299025
2021-10-04,0.2202990647977363
2021-10-05,0.21928515895489376
2021-10-06,0.2201377354745664
2021-10-07,0.2216891119679994
2021-10-08,0.2207132121258154
2021-10-11,0.21814354505661712
2021-10-12,0.21972479259786862
2021-10-13,0.21792412279243636
2021-10-14,0.21891600263099936
2021-10-15,0.21948155439085593
2021-10-18,0.2193691629822601
2021-10-19,0.22273104465180887
2021-10-20,0.223414861802458
2021-10-21,0.22171702394683246
2021-10-22,0.2213018467812337
2021-10-25,0.22139300663402467
2021-10-26,0.220923334829024
2021-10-27,0.2208942437143015
2021-10-28,0.2206855662460102
2021-10-29,0.21957336848870454
2021-11-01,0.21718072960415868
2021-11-02,0.21737220042682354
2021-11-03,0.2175689602608712
2021-11-04,0.2156979454969971
2021-11-05,0.21582775117225836
2021-11-08,0.21491649516787464
2021-11-09,0.21477498895828967
2021-11-10,0.2149151666042203
2021-11-11,0.21481874922590816
2021-11-12,0.21647513118201928
2021-11-15,0.21636479459207716
2021-11-16,0.21435621657864976
2021-11-17,0.21432707563521122
2021-11-18,0.21570519410843175
2021-11-19,0.21688332482536207
2021-11-22,0.21676209906828564
2021-11-23,0.21676231617822997
2021-11-24,0.215737908247591
2021-11-25,0.21415134559749882
2021-11-26,0.21416506469383143
2021-11-29,0.21398128945471087
2021-11-30,0.21258169300774618
2021-12-01,0.2156191465749294
2021-12-02,0.21200209595077224
2021-12-03,0.21226615830599574
2021-12-06,0.2112952607260197
2021-12-07,0.2116837198451798
2021-12-08,0.21549138514828745
2021-12-09,0.21531471130449814
2021-12-10,0.2144195469836521
2021-12-13,0.21319212025220505
2021-12-14,0.2139964252677666
2021-12-15,0.2139544342945357
2021-12-16,0.21454348161299072
2021-12-17,0.21419276166156426
2021-12-20,0.21610515580584672
2021-12-21,0.2157688344399948
2021-12-22,0.215885536993352
2021-12-23,0.21527497779182808
2021-12-24,0.21423965423004074
2021-12-27,0.21369682939546064
2021-12-28,0.21534433092085173
2021-12-29,0.2133563452851723
2021-12-30,0.21333483838619463
2021-12-31,0.2150957340156455
2022-01-03,0.2151226917190043
2022-01-04,0.21567545561025883
2022-01-05,0.21349068337505045
2022-01-06,0.2134048042962295
2022-01-07,0.21394268687866538
2022-01-10,0.21309920889046466
2022-01-11,0.21255600468502053
2022-01-12,0.21262782447384934
2022-01-13,0.21125525439277876
2022-01-14,0.21097636470119802
2022-01-17,0.20997263807706967
2022-01-18,0.2094860885966283
2022-01-19,0.20788685840642548
2022-01-20,0.20683102197419442
2022-01-21,0.20557697584968881
2022-01-24,0.20643038190870588
2022-01-25,0.2064703179385288
2022-01-26,0.20622974643099679
2022-01-27,0.20414706222935525
2022-01-28,0.20428839407524463
2022-01-31,0.20462618837973004
2022-02-01,0.2052288593911946
2022-02-02,0.20590526088274108
2022-02-03,0.2063274917137452
2022-02-04,0.20743795967941606
2022-02-07,0.2072308035315089
2022-02-08,0.20645536805187564
2022-02-09,0.209755825313563
2022-02-10,0.2122941421353336
2022-02-11,0.20825169107571218
2022-02-14,0.20804160063630253
2022-02-15,0.2079522344555945
2022-02-16,0.20792615435244718
2022-02-17,0.207872534373674
2022-02-18,0.2079103849829415
2022-02-21,0.2100379240258677
2022-02-22,0.21263168724601664
2022-02-23,0.21327773557086543
2022-02-24,0.2109446685806687
2022-02-25,0.21136360680134667
2022-02-28,0.2123549664396403
2022-03-01,0.21356986503870087
2022-03-02,0.21058347250056586
2022-03-03,0.21043910927650192
2022-03-04,0.20952709858279273
2022-03-07,0.21071923684422053
2022-03-08,0.21130640505593337
2022-03-09,0.21122646037841408
2022-03-10,0.2088110297535677
2022-03-11,0.21168349324641794
2022-03-14,0.21169149406658708
2022-03-15,0.21272516894087434
2022-03-16,0.21124952214823953
2022-03-17,0.21031105832133637
2022-03-18,0.21047029245959484
2022-03-21,0.21131785951154408
2022-03-22,0.20379412430310231
2022-03-23,0.20457857247673647
2022-03-24,0.20441628559366656
2022-03-25,0.2097700889668634
2022-03-28,0.2099248694014353
2022-03-29,0.2077570997973644
2022-03-30,0.20889450259755424
2022-03-31,0.2081304921379214
2022-04-01,0.20823286796482846
2022-04-04,0.20905692591561634
2022-04-05,0.20852482798296829
2022-04-06,0.20762514056428208
2022-04-07,0.21649085188784212
2022-04-08,0.21560630532475425
2022-04-11,0.21521653220873757
2022-04-12,0.21533920935140197
2022-04-13,0.21222724103116455
2022-04-14,0.21143098753648784
2022-04-15,0.21249518207998427
2022-04-18,0.21189758970132397
2022-04-19,0.2119546138761567
2022-04-20,0.21156924297639101
2022-04-21,0.21101431132321152
2022-04-22,0.2114478023283442
2022-04-25,0.21147880360027363
2022-04-26,0.2106124310806286
2022-04-27,0.21156310045457738
2022-04-28,0.21170840377316386
2022-04-29,0.21209768110316832
2022-05-02,0.21714350952686653
2022-05-03,0.21761676799248622
2022-05-04,0.2177490586675081
2022-05-05,0.21769608636616056
2022-05-06,0.21745479735275752
2022-05-09,0.21586172397654002
2022-05-10,0.21523052972998089
2022-05-11,0.21565279783776015
2022-05-12,0.21569122297283672
2022-05-13,0.21452233576128565
2022-05-16,0.2139220677093256
2022-05-17,0.21500760068238195
2022-05-18,0.21687938036483018
2022-05-19,0.2168671806511951
2022-05-20,0.2168559457240465
2022-05-23,0.21678585840365727
2022-05-24,0.21912260765066982
2022-05-25,0.21900393900097603
2022-05-26,0.21499622999066018
2022-05-27,0.2163921089543126
2022-05-30,0.21716582660112227
2022-05-31,0.21721851904783235
2022-06-01,0.21684476539571046
2022-06-02,0.21305797286148062
2022-06-03,0.21171385553558422
2022-06-06,0.21160481611230292
2022-06-07,0.21142105686567655
2022-06-08,0.21124232163865472
2022-06-09,0.2125193014989977
2022-06-10,0.21184571744536881
2022-06-13,0.21133647102578965
2022-06-14,0.20858826464835328
2022-06-15,0.20889330833382572
2022-06-16,0.20956834058040857
2022-06-17,0.20930418850759652
2022-06-20,0.21342786069164552
2022-06-21,0.21348028362379964
2022-06-22,0.21225705948118245
2022-06-23,0.21224672035068182
2022-06-24,0.21242124120066988
2022-06-27,0.211208553410451
2022-06-28,0.21183603114568597
2022-06-29,0.211321219804956
2022-06-30,0.21615795673618643
2022-07-01,0.216233521301113
2022-07-04,0.21566409607697204
2022-07-05,0.21571884024791227
2022-07-06,0.21609564193720207
2022-07-07,0.21607890635284804
2022-07-08,0.21618889276556696
2022-07-11,0.21610931537480207
2022-07-12,0.2186280816137635
2022-07-13,0.22103387961587245
2022-07-14,0.22103374728552447
2022-07-15,0.2210631625217665
2022-07-18,0.22252620255119168
2022-07-19,0.22196688549551272
2022-07-20,0.2219099250939381
2022-07-21,0.2255848109094312
2022-07-22,0.22955812319377852
2022-07-25,0.22965066654659164
2022-07-26,0.22923586688231296
2022-07-27,0.22848891936883806
2022-07-28,0.22822686252409413
2022-07-29,0.22773351918985524
2022-08-01,0.22767264772469348
2022-08-02,0.2299797171942651
2022-08-03,0.23106185032159687
2022-08-04,0.2265983875458629
2022-08-05,0.22500406639337928
2022-08-08,0.2289098727424855
2022-08-09,0.22589019671894647
2022-08-10,0.22552465757254775
2022-08-11,0.22552985687866894
2022-08-12,0.2260392857449216
2022-08-15,0.22606996659306403
2022-08-16,0.2241657374413303
2022-08-17,0.2192654188539203
2022-08-18,0.21873423211886167
2022-08-19,0.21698077035969815
2022-08-22,0.21779678717294285
2022-08-23,0.21675554568611868
2022-08-24,0.21809069395872582
2022-08-25,0.21815785992799486
2022-08-26,0.21871556389151964
2022-08-29,0.21940990049975945
2022-08-30,0.2194956813335175
2022-08-31,0.22414548232546658
2022-09-01,0.22368666136077495
2022-09-02,0.22363878814454827
2022-09-05,0.22052059702837506
2022-09-06,0.22181370410260018
2022-09-07,0.22340825644235596
2022-09-08,0.22378210385174105
2022-09-09,0.223890594802866
2022-09-12,0.2235170352124372
2022-09-13,0.22300083201946813
2022-09-14,0.22306079985994445
2022-09-15,0.22232653232846283
2022-09-16,0.22246344588292355
2022-09-19,0.21717649993823823
2022-09-20,0.21685762464521935
2022-09-21,0.21862429746201145
2022-09-22,0.2187985215071387
2022-09-23,0.22247420250461372
2022-09-26,0.22130433774639227
2022-09-27,0.2198832830959815
2022-09-28,0.21989749426613764
2022-09-29,0.22072984825934425
2022-09-30,0.21253135536287607
2022-10-03,0.21323842988840908
2022-10-04,0.21327454384893296
2022-10-05,0.21406973554403677
2022-10-06,0.2189676539530729
2022-10-07,0.22148932418866193
2022-10-10,0.21949262049115598
2022-10-11,0.21993525002416475
2022-10-12,0.22007747965426858
2022-10-13,0.22036675781823561
2022-10-14,0.2206760577461224
2022-10-17,0.21999097712481552
2022-10-18,0.2196148272789425
2022-10-19,0.22100067357385902
2022-10-20,0.21945964408050786
2022-10-21,0.21965057385649533
2022-10-24,0.2189796682885644
2022-10-25,0.21254711379326813
2022-10-26,0.21320322181779588
2022-10-27,0.21318615370288832
2022-10-28,0.21522865258804302
2022-10-31,0.21466320810977502
2022-11-01,0.21531367098252263
2022-11-02,0.21888924304043292
2022-11-03,0.21800580761893565
2022-11-04,0.2193683141198471
2022-11-07,0.21930709567238915
2022-11-08,0.21814718208335587
2022-11-09,0.21736323062984658
2022-11-10,0.2160060912295772
2022-11-11,0.2167732573892613
2022-11-14,0.21686273113006038
2022-11-15,0.21783181529027856
2022-11-16,0.21585868503724373
2022-11-17,0.21920160059069094
2022-11-18,0.21896453086283515
2022-11-21,0.21683509942171567
2022-11-22,0.215315580106738
2022-11-23,0.21552731446278942
2022-11-24,0.21670974663901335
2022-11-25,0.21649585213025482
2022-11-28,0.21635992935209322
2022-11-29,0.2167161111904505
2022-11-30,0.2168380515971924
2022-12-01,0.2163727006349102
2022-12-02,0.2152153030782531
2022-12-05,0.21509273443593907
2022-12-06,0.21818195615176444
2022-12-07,0.21918878694123606
2022-12-08,0.2190310402889278
2022-12-09,0.2185867360531877
2022-12-12,0.21900540448117442
2022-12-13,0.21579614897659707
2022-12-14,0.2171519086557488
2022-12-15,0.21843714218186736
2022-12-16,0.21842650394029117
2022-12-19,0.21918552467242397
2022-12-20,0.2186610953554563
2022-12-21,0.21817549411360257
2022-12-22,0.2181599445201769
2022-12-23,0.21472319995121544
2022-12-26,0.2147858955521899
2022-12-27,0.21639289373485754
2022-12-28,0.21753889263717247
2022-12-29,0.21794098841561269
2022-12-30,0.21885704704250739
2023-01-02,0.2205138132659948
2023-01-03,0.22056951725313179
2023-01-04,0.2185199417049092
2023-01-05,0.21834861830333185
2023-01-06,0.21916169846847094
2023-01-09,0.21912374338144916
2023-01-10,0.21812469205952711
2023-01-11,0.2216884165723016
2023-01-12,0.22231763262698725
2023-01-13,0.21821528251303546
2023-01-16,0.21991993431439286
2023-01-17,0.2226183320639993
2023-01-18,0.22255837979174153
2023-01-19,0.22503742728366682
2023-01-20,0.22482982402920182
2023-01-23,0.22489498278288772
2023-01-24,0.2239449776014639
2023-01-25,0.22087211493666042
2023-01-26,0.22038188209353105
2023-01-27,0.22027161888194308
2023-01-30,0.2201167720933119
2023-01-31,0.21536658824283167
2023-02-01,0.2171307646747526
2023-02-02,0.2172318056832605
2023-02-03,0.216962221495753
2023-02-06,0.21679840127215802
2023-02-07,0.2172605511870801
2023-02-08,0.21843279482866104
2023-02-09,0.2197411139133798
2023-02-10,0.22408876780225928
2023-02-13,0.22557716592318405
2023-02-14,0.2239283782346665
2023-02-15,0.2239828231121369
2023-02-16,0.22482621029344507
2023-02-17,0.22479348308291983
2023-02-20,0.22607242265673427
2023-02-21,0.2260746887218731
2023-02-22,0.22693814866288856
2023-02-23,0.22243520516775306
2023-02-24,0.2223701431584093
2023-02-27,0.22219064923360946
2023-02-28,0.2228144364954864
2023-03-01,0.22332223005366653
2023-03-02,0.22117708515378753
2023-03-03,0.22057317916430375
2023-03-06,0.222544511854074
2023-03-07,0.223012006084022
2023-03-08,0.2231153278160088
2023-03-09,0.2231157208044586
2023-03-10,0.22505563078411264
2023-03-13,0.22436988761632135
2023-03-14,0.22356947192485885
2023-03-15,0.22353369214909968
2023-03-16,0.22184018383155177
2023-03-17,0.21980316412347983
2023-03-20,0.21599585863067355
2023-03-21,0.21677358863306054
2023-03-22,0.21701494464439144
2023-03-23,0.2175374613999215
2023-03-24,0.22156916195982995
2023-03-27,0.22125169361009875
2023-03-28,0.22089700770749146
2023-03-29,0.2276257551418493
2023-03-30,0.23294343218247202
2023-03-31,0.2285876196304245
2023-04-03,0.22788722346076726
2023-04-04,0.2285667716537728
2023-04-05,0.228414274861109
2023-04-06,0.22838271310730432
2023-04-07,0.22904326733700445
2023-04-10,0.23017590929088153
2023-04-11,0.23033419718706483
2023-04-12,0.23078349950310897
2023-04-13,0.22949376422149448
2023-04-14,0.23261311118154177
2023-04-17,0.2319754191585629
2023-04-18,0.2324273804220456
2023-04-19,0.23227357034017246
2023-04-20,0.23136081081560803
2023-04-21,0.2315145484275889
2023-04-24,0.2328997546768006
2023-04-25,0.23251272460415093
2023-04-26,0.23196667787574132
2023-04-27,0.22974793920133268
2023-04-28,0.2310551915676809
2023-05-01,0.23057043263413846
2023-05-02,0.2304984207560874
2023-05-03,0.23473324642801197
2023-05-04,0.23592424928005842
2023-05-05,0.23675112272382115
2023-05-08,0.23732530277210767
2023-05-09,0.23801828587255236
2023-05-10,0.23730407181789828
2023-05-11,0.23705208787130863
2023-05-12,0.23437253951171377
2023-05-15,0.2346392334461757
2023-05-16,0.23508189087209044
2023-05-17,0.23603109842495829
2023-05-18,0.23610157012575117
2023-05-19,0.23516545752310838
2023-05-22,0.23543827250552227
2023-05-23,0.23548405061564676
2023-05-24,0.23586941057073366
2023-05-25,0.23571576997842944
2023-05-26,0.2390480791157635
2023-05-29,0.23859311891436136
2023-05-30,0.23923189451089905
2023-05-31,0.2378009221603424
2023-06-01,0.23786374329103663
2023-06-02,0.23887064332798197
2023-06-05,0.23981903236640825
2023-06-06,0.240003771696949
2023-06-07,0.23965991018990268
2023-06-08,0.2393212818628517
2023-06-09,0.23769286977635667
2023-06-12,0.23771839300469327
2023-06-13,0.23710203032053132
2023-06-14,0.2373295037849339
2023-06-15,0.23705748442910787
2023-06-16,0.23690170187487386
2023-06-19,0.23564614105745602
2023-06-20,0.23569537795383677
2023-06-21,0.23408599873272107
2023-06-22,0.23312399136784345
2023-06-23,0.23540919260234783
2023-06-26,0.2344191268019069
2023-06-27,0.2341675521622434
2023-06-28,0.23419395947217675
2023-06-29,0.23426466617543767
2023-06-30,0.23386599802617844
2023-07-03,0.23325149566595355
2023-07-04,0.23333771762497799
2023-07-05,0.2333877092947661
2023-07-06,0.23324369431154265
2023-07-07,0.2326429708181013
2023-07-10,0.23428429539480647
2023-07-11,0.2296486456437699
2023-07-12,0.22668354098322305
2023-07-13,0.22756833811191074
2023-07-14,0.2258663759194721
2023-07-17,0.22578815528162133
2023-07-18,0.22559262662380572
2023-07-19,0.22530680521041543
2023-07-20,0.2261381831880228
2023-07-21,0.22611186388969406
2023-07-24,0.22737090807216892
2023-07-25,0.22756050546069745
2023-07-26,0.22654653441529696
2023-07-27,0.22501599106796513
2023-07-28,0.22604004262441812
2023-07-31,0.22823500086705784
2023-08-01,0.22809596012726943
2023-08-02,0.227696765738528
2023-08-03,0.22666853627521816
2023-08-04,0.2250738857098117
2023-08-07,0.21963339259100415
2023-08-08,0.21898668418465464
2023-08-09,0.2202437983778218
2023-08-10,0.2207310671411387
2023-08-11,0.2188976069685646
2023-08-14,0.2188701633843639
2023-08-15,0.21760970482740172
2023-08-16,0.2166646134643392
2023-08-17,0.2150128280680188
2023-08-18,0.21496892517484506
2023-08-21,0.21507488522358356
2023-08-22,0.2141261877485473
2023-08-23,0.2143995694577725
2023-08-24,0.21285931717071915
2023-08-25,0.21312869523202715
2023-08-28,0.21283846960444003
2023-08-29,0.21190637715999905
2023-08-30,0.21502381885156008
2023-08-31,0.21535891141008998
2023-09-01,0.21603204468372178
2023-09-04,0.21410528429596984
2023-09-05,0.21410122328312986
2023-09-06,0.21408212920501504
2023-09-07,0.21414619773674548
2023-09-08,0.21468572858603152
2023-09-11,0.21449849292419101
2023-09-12,0.21449189130760388
2023-09-13,0.2164492632790073
2023-09-14,0.2161875643132539
2023-09-15,0.21654703725996102
2023-09-18,0.21240921105986377
2023-09-19,0.2136778218719156
2023-09-20,0.2134171222401612
2023-09-21,0.20856897777602165
2023-09-22,0.20275340414788265
2023-09-25,0.20573041720273763
2023-09-26,0.20440448364088212
2023-09-27,0.2063058003933976
2023-09-28,0.20593068119924005
2023-09-29,0.20541346465240826
2023-10-02,0.20704347729815178
2023-10-03,0.20779377402721053
2023-10-04,0.20777707818131788
2023-10-05,0.21011313374908383
2023-10-06,0.21007252081536015
2023-10-09,0.20674036909817042
2023-10-10,0.2093939528517138
2023-10-11,0.20914587467613274
2023-10-12,0.20995239250738956
2023-10-13,0.20981399124371825
2023-10-16,0.2099244341562478
2023-10-17,0.2079844726439013
2023-10-18,0.21152546580161813
2023-10-19,0.21188986218618372
2023-10-20,0.2118546207530646
2023-10-23,0.21028676169399316
2023-10-24,0.20929530235664148
2023-10-25,0.21060831638228183
2023-10-26,0.205721661506484
2023-10-27,0.20456346288317717
2023-10-30,0.20401874071646967
2023-10-31,0.20295465210816055
2023-11-01,0.20587620564024245
2023-11-02,0.20767072952847287
2023-11-03,0.2075884721126303
2023-11-06,0.2070526464189511
2023-11-07,0.20764111087126444
2023-11-08,0.20728737588023932
2023-11-09,0.2074046687832477
2023-11-10,0.21150968222593186
2023-11-13,0.21127596191344758
2023-11-14,0.21136332540624314
2023-11-15,0.21420493366011886
2023-11-16,0.2139050256964012
2023-11-17,0.21407402938173398
2023-11-20,0.21063577419954363
2023-11-21,0.21065196183883098
2023-11-22,0.21213861238221404
2023-11-23,0.21101344554736773
2023-11-24,0.21535498106900344
2023-11-27,0.21427981402501226
2023-11-28,0.213000854193446
2023-11-29,0.21621682288568825
2023-11-30,0.21658246662898464
2023-12-01,0.21570122733342856
2023-12-04,0.21654236025991216
2023-12-05,0.21655242975825423
2023-12-06,0.21656026620383328
2023-12-07,0.2161902414120258
2023-12-08,0.21654545357821642
2023-12-11,0.21661000201824665
2023-12-12,0.21629125713098124
2023-12-13,0.2174110164194315
2023-12-14,0.22055679170435308
2023-12-15,0.2212743682489002
2023-12-18,0.21811893327874154
2023-12-19,0.218710195897008
2023-12-20,0.21833846470226126
2023-12-21,0.2179700221358423
2023-12-22,0.21792558726299535
2023-12-25,0.21696144386407373
2023-12-26,0.22057809730883615
2023-12-27,0.22193047167882335
2023-12-28,0.22157373604368966
2023-12-29,0.21760994817548268
2024-01-01,0.2178740151785478
2024-01-02,0.21901651023561713
2024-01-03,0.21968941668451697
2024-01-04,0.21961045470788504
2024-01-05,0.2187327107970297
2024-01-08,0.21941045832453904
2024-01-09,0.21944247794453106
2024-01-10,0.22122269445458514
2024-01-11,0.22163978758471461
2024-01-12,0.22040162370036498
2024-01-15,0.2200820914043785
2024-01-16,0.22029423514254312
2024-01-17,0.2202738454477859
2024-01-18,0.2203452123024792
2024-01-19,0.21988009365067912
2024-01-22,0.22108302412327555
2024-01-23,0.2198163952860765
2024-01-24,0.22143980178517883
2024-01-25,0.22189157587325026
2024-01-26,0.22247824641952682
2024-01-29,0.2222025734029443
2024-01-30,0.22255150990260514
2024-01-31,0.2225995110155503
2024-02-01,0.22161160571037436
2024-02-02,0.22098912876434768
2024-02-05,0.22121807268301164
2024-02-06,0.2211796627867928
2024-02-07,0.22228169171429915
2024-02-08,0.2234631466986854
2024-02-09,0.22331547967708978
2024-02-12,0.22396019664365194
2024-02-13,0.22381080729549466
2024-02-14,0.22853256390333443
2024-02-15,0.2286575433536575
2024-02-16,0.22860723630438892
2024-02-19,0.2299909937775196
2024-02-20,0.23044880188231506
2024-02-21,0.22972347218357234
2024-02-22,0.22770705045328346
2024-02-23,0.22946109599959144
2024-02-26,0.2288379339354342
2024-02-27,0.23001086009139476
2024-02-28,0.23041828776246337
2024-02-29,0.2305242890170005
2024-03-01,0.23047158736160542
2024-03-04,0.23327219777975475
2024-03-05,0.2332953887256937
2024-03-06,0.23691802720436858
2024-03-07,0.23512709639392615
2024-03-08,0.23480019321149595
2024-03-11,0.23406970943696695
2024-03-12,0.23345395828515533
2024-03-13,0.23219442801088455
2024-03-14,0.2334802904012415
2024-03-15,0.23143486416265005
2024-03-18,0.23109424771748316
2024-03-19,0.22835338501901403
2024-03-20,0.22873813462585418
2024-03-21,0.22648198121745136
2024-03-22,0.22647629172718114
2024-03-25,0.2266647927691532
2024-03-26,0.22415156892800006
2024-03-27,0.22230985884807536
2024-03-28,0.2226214565546388
2024-03-29,0.21991292254262412
2024-04-01,0.2230689352954099
2024-04-02,0.22628115430493304
2024-04-03,0.2249133260377411
2024-04-04,0.22488098217061533
2024-04-05,0.22422294177582638
2024-04-08,0.2242619242263407
2024-04-09,0.2240502526292746
2024-04-10,0.2228629669889819
2024-04-11,0.21961293402960122
2024-04-12,0.22074854480497605
2024-04-15,0.21949795735540845
2024-04-16,0.21958333159602275
2024-04-17,0.22022055360187465
2024-04-18,0.21898191465916503
2024-04-19,0.21900341560751688
2024-04-22,0.22277002623986886
2024-04-23,0.22241138313787864
2024-04-24,0.22243373803905636
2024-04-25,0.21939878340879798
2024-04-26,0.2197107915061539
2024-04-29,0.2202808266019073
2024-04-30,0.22274915570433867
2024-05-01,0.22237907647017238
2024-05-02,0.22270785230022805
2024-05-03,0.22350437015851973
2024-05-06,0.22042161853357245
2024-05-07,0.2204909736526214
2024-05-08,0.2203867086136036
2024-05-09,0.21817313073879707
2024-05-10,0.2180477182912943
2024-05-13,0.21840399560602128
2024-05-14,0.22033443544524953
2024-05-15,0.2203694039057633
2024-05-16,0.21795597274315337
2024-05-17,0.21760062795928142
2024-05-20,0.2134812580719961
2024-05-21,0.21351192682056144
2024-05-22,0.2146795898504826
2024-05-23,0.2110622578542505
2024-05-24,0.2119464547196328
2024-05-27,0.21188693101055706
2024-05-28,0.21143471232256628
2024-05-29,0.21629966070946924
2024-05-30,0.2165213082843578
2024-05-31,0.21650501491987742
2024-06-03,0.21679432138157864
2024-06-04,0.2175045721440779
2024-06-05,0.21736889058962808
2024-06-06,0.2162410868834721
2024-06-07,0.21655322242027822
2024-06-10,0.2160555666872451
2024-06-11,0.21599096854757174
2024-06-12,0.21785477994147448
2024-06-13,0.21636583190260592
2024-06-14,0.21736163429588035
2024-06-17,0.2170551641264861
2024-06-18,0.21575102675416152
2024-06-19,0.2118076481448118
2024-06-20,0.21063274412508012
2024-06-21,0.2106660102363387
2024-06-24,0.21076732423804706
2024-06-25,0.21575987160335652
2024-06-26,0.2126327582491751
2024-06-27,0.2145035907919583
2024-06-28,0.21673231432866036
2024-07-01,0.21762206490315397
2024-07-02,0.21678126852402219
2024-07-03,0.2170976926854366
2024-07-04,0.21603097295826887
2024-07-05,0.21806423491877153
2024-07-08,0.2185530465842064
2024-07-09,0.21977613146542513
2024-07-10,0.21952846066027268
2024-07-11,0.21950500186511204
2024-07-12,0.21961575899261895
2024-07-15,0.2196246523376297
2024-07-16,0.2192760740735374
2024-07-17,0.21823621114763564
2024-07-18,0.2172917038299685
2024-07-19,0.21869695555727978
2024-07-22,0.21795101256312727
2024-07-23,0.2173518454598639
2024-07-24,0.2201291842829096
2024-07-25,0.2188139856595586
2024-07-26,0.2188061567983608
2024-07-29,0.21956115151723396
2024-07-30,0.21878109682665886
2024-07-31,0.22148318247438165
2024-08-01,0.22164823817735296
2024-08-02,0.22112192819824086
2024-08-05,0.2211984613767845
2024-08-06,0.22237266590884452
2024-08-07,0.22290619429185157
2024-08-08,0.22096057273322608
2024-08-09,0.22237827492112927
2024-08-12,0.22392693062846156
2024-08-13,0.22231622623363104
2024-08-14,0.22233887187729212
2024-08-15,0.2230686603489983
2024-08-16,0.22204826252423152
2024-08-19,0.2225633976214345
2024-08-20,0.22491810730797412
2024-08-21,0.22534098175910755
2024-08-22,0.224832036277758
2024-08-23,0.22472114936107274
2024-08-26,0.22636000526330552
2024-08-27,0.22320231901336593
2024-08-28,0.22320881671133092
2024-08-29,0.22060177157391922
2024-08-30,0.2199978273285741
2024-09-02,0.22264315316729674
2024-09-03,0.22253252630378137
2024-09-04,0.22205533807292716
2024-09-05,0.22494885670036072
2024-09-06,0.22389225536839405
2024-09-09,0.2244609219960587
2024-09-10,0.2236690161008897
2024-09-11,0.22435184507338585
2024-09-12,0.2235421967094377
2024-09-13,0.22356849448127514
2024-09-16,0.22377093032595172
2024-09-17,0.22536510670911547
2024-09-18,0.22580495721941685
2024-09-19,0.22601995793530097
2024-09-20,0.22634710048242623
2024-09-23,0.22651040408023257
2024-09-24,0.22341277698927617
2024-09-25,0.22011910104147814
2024-09-26,0.21908380844988262
2024-09-27,0.21888744998467793
2024-09-30,0.21909744677440604
2024-10-01,0.2213171061867072
2024-10-02,0.2216442490063404
2024-10-03,0.2215561330001075
2024-10-04,0.22326937552475445
2024-10-07,0.22342480873999548
2024-10-08,0.22343449927396564
2024-10-09,0.2232932997254945
2024-10-10,0.22270761170678172
2024-10-11,0.22271745472592194
2024-10-14,0.22308719773259014
2024-10-15,0.2195530845248471
2024-10-16,0.2229737428563401
2024-10-17,0.2227318993010567
2024-10-18,0.22272401671080064
2024-10-21,0.22010584976854072
2024-10-22,0.21973678472958164
2024-10-23,0.2173052459318899
2024-10-24,0.2169591484266221
2024-10-25,0.2166491791282605
2024-10-28,0.21374045198189812
2024-10-29,0.21289276391659545
2024-10-30,0.21294531587229384
2024-10-31,0.2159442387830016
2024-11-01,0.21582681577973012
2024-11-04,0.2181253620998709
2024-11-05,0.22127766178483174
2024-11-06,0.22087816266497393
2024-11-07,0.22089264713280182
2024-11-08,0.22089701567664352
2024-11-11,0.2228949774377698
2024-11-12,0.22262674322949047
2024-11-13,0.22291800692395394
2024-11-14,0.22217163033134632
2024-11-15,0.22339570965731176
2024-11-18,0.22345158522682
2024-11-19,0.2233789790872787
2024-11-20,0.22299825909648882
2024-11-21,0.21880613114006567
2024-11-22,0.21862183408876326
2024-11-25,0.2189692879125589
2024-11-26,0.2187021176056236
2024-11-27,0.21957401064949883
2024-11-28,0.21961719543385808
2024-11-29,0.21921111572087956
2024-12-02,0.21622208835786239
2024-12-03,0.21761623883379508
2024-12-04,0.2198657673587671
2024-12-05,0.21799667564158784
2024-12-06,0.21804341866431778
2024-12-09,0.2185282372227181
2024-12-10,0.21956477967694688
2024-12-11,0.22647940623806492
2024-12-12,0.22648144683867852
2024-12-13,0.22613467708606508
2024-12-16,0.22786754562407696
2024-12-17,0.22803642341736002
2024-12-18,0.2230805931312182
2024-12-19,0.2230135060883883
2024-12-20,0.21959185230678618
2024-12-23,0.22015468243086062
2024-12-24,0.21946690028650112
2024-12-25,0.2192412680195675
2024-12-26,0.21982158691793593
2024-12-27,0.21898869896537893
2024-12-30,0.21676624152109764
2024-12-31,0.21678058426099672
2025-01-01,0.21648937468970803
2025-01-02,0.2157768904836309
2025-01-03,0.21495503504892738
2025-01-06,0.21496218265224337
2025-01-07,0.214767851595863
2025-01-08,0.21752239929311093
2025-01-09,0.21730780957452717
2025-01-10,0.217156921174498
2025-01-13,0.21564859395665414
2025-01-14,0.21576768145962522
2025-01-15,0.21938713076986413
2025-01-16,0.2187585199117514
2025-01-17,0.21975549261026986
2025-01-20,0.21975613868240992
2025-01-21,0.21916715514315738
2025-01-22,0.21960629130789802
2025-01-23,0.2168603294461472
2025-01-24,0.216230035569882
2025-01-27,0.2162639502387457
2025-01-28,0.21876617246945207
2025-01-29,0.21711538861826024
2025-01-30,0.22047080373616873
2025-01-31,0.21801035475426966
2025-02-03,0.21612459286686186
2025-02-04,0.21757081704277634
2025-02-05,0.2193300097687432
2025-02-06,0.22131006467841033
2025-02-07,0.22061403578119085
2025-02-10,0.2206293256168103
2025-02-11,0.21794380797361085
2025-02-12,0.2158867165500101
2025-02-13,0.2156459230429285
2025-02-14,0.21565874260835735
2025-02-17,0.21611690935012517
2025-02-18,0.21451078846154703
2025-02-19,0.21384264397085218
2025-02-20,0.21478216973483175
2025-02-21,0.2136752058879694
2025-02-24,0.2138737654339173
2025-02-25,0.2106856084602782
2025-02-26,0.21134826894395303
2025-02-27,0.21142038790537726
2025-02-28,0.208977505716073
2025-03-03,0.21024436795247273
2025-03-04,0.20947509864629338
2025-03-05,0.21055140381724113
2025-03-06,0.21187038091971755
2025-03-07,0.21327169619530895
2025-03-10,0.2137280811759525
2025-03-11,0.21475651255221406
2025-03-12,0.2172790732258478
2025-03-13,0.21658640744894342
2025-03-14,0.21652870059391435
2025-03-17,0.2169375226234369
2025-03-18,0.21815630544485076
2025-03-19,0.21828693754354433
2025-03-20,0.21832822103845953
2025-03-21,0.21842842811473961
2025-03-24,0.21869706228875413
2025-03-25,0.22017538887757804
2025-03-26,0.21826159893005714
2025-03-27,0.21761545738390276
2025-03-28,0.21763222477163363
2025-03-31,0.21772901008902873
2025-04-01,0.2158257776615119
2025-04-02,0.21656262413872712
2025-04-03,0.21679185340532325
2025-04-04,0.21668206883684898
2025-04-07,0.2193257350847518
2025-04-08,0.21994844296963342
2025-04-09,0.2204496259887571
2025-04-10,0.2173489334959601
2025-04-11,0.21852646475237072
2025-04-14,0.21810755807248322
2025-04-15,0.21801768150907572
2025-04-16,0.21898809087089363
2025-04-17,0.2205031384486314
2025-04-18,0.22107512388802397
2025-04-21,0.2211367918005564
2025-04-22,0.22113505088342247
2025-04-23,0.2216561150413499
2025-04-24,0.22254055945688261
2025-04-25,0.21973134134607086
2025-04-28,0.21920273522037187
2025-04-29,0.21720770484074686
2025-04-30,0.21518323963117364
2025-05-01,0.21651737480990702
2025-05-02,0.2188622623046071
2025-05-05,0.218844533666659
2025-05-06,0.21654116149276256
2025-05-07,0.22101255306137546
2025-05-08,0.22102140440745616
2025-05-09,0.22104064375640323
2025-05-12,0.21935637320518284
2025-05-13,0.21850030168631335
2025-05-14,0.22058843125516325
2025-05-15,0.2207777030876532
2025-05-16,0.2213182474219023
2025-05-19,0.2217442397315282
2025-05-20,0.2214412900463784
2025-05-21,0.22104384073610567
2025-05-22,0.22141402595440204
2025-05-23,0.22181848061667298
2025-05-26,0.22296042819726267
2025-05-27,0.22295127401946616
2025-05-28,0.22131896941779464
2025-05-29,0.22186310572219214
2025-05-30,0.22222942803483725
2025-06-02,0.2232090425585008
2025-06-03,0.22243674775913327
2025-06-04,0.22132380613014915
2025-06-05,0.21450552753600635
2025-06-06,0.21468249432820358
2025-06-09,0.2148822405146963
2025-06-10,0.21300307730348703
2025-06-11,0.2128139988530426
2025-06-12,0.21254961861199761
2025-06-13,0.2125506394802107
2025-06-16,0.21643160225124072
2025-06-17,0.21378591052553886
2025-06-18,0.21391726690017926
2025-06-19,0.21474355805264703
2025-06-20,0.21404937442691788
2025-06-23,0.21412831669251384
2025-06-24,0.21416889547680393
2025-06-25,0.2140572129513618
2025-06-26,0.2146156522734975
2025-06-27,0.21371821758071893
2025-06-30,0.2140096587042133
2025-07-01,0.21377526852776363
2025-07-02,0.21391815006364134
2025-07-03,0.20896050665219212
2025-07-04,0.20907483636314358
2025-07-07,0.2079059581660088
2025-07-08,0.20803828429556304
2025-07-09,0.2080632724926458
2025-07-10,0.20362623705630137
2025-07-11,0.20179103093290537
2025-07-14,0.2013239666023461
2025-07-15,0.2016796571772826
2025-07-16,0.2017566555008565
2025-07-17,0.20118173895878913
2025-07-18,0.2013969426507836
2025-07-21,0.20191926258747483
2025-07-22,0.20191502945953385
2025-07-23,0.19898552406888892
2025-07-24,0.19999963198647952
2025-07-25,0.19567556238871514
2025-07-28,0.19590759943406733
2025-07-29,0.20087604383990698
2025-07-30,0.1977362400033485
2025-07-31,0.19595186439298654
2025-08-01,0.1937859267595014
2025-08-04,0.19397071838033667
2025-08-05,0.19450017767692399
2025-08-06,0.19448783980056897
2025-08-07,0.19482742820358184
2025-08-08,0.19322461709181477
2025-08-11,0.19816970036762205
2025-08-12,0.19845063668890062
2025-08-13,0.1984239305832293
2025-08-14,0.199874758090297
2025-08-15,0.19852269521067825
2025-08-18,0.19840567653871163
2025-08-19,0.2001633074162103
2025-08-20,0.20018121723403243
2025-08-21,0.20006791568724636
2025-08-22,0.20013727962729708
2025-08-25,0.20006670581082225
2025-08-26,0.19917458357838833
2025-08-27,0.1995130543226028
2025-08-28,0.19852125802274537
2025-08-29,0.19949818313710158
2025-09-01,0.19792664867178458
2025-09-02,0.19804189902176453
2025-09-03,0.1969522123385973
2025-09-04,0.19219791915767467
2025-09-05,0.19230978617730074
2025-09-08,0.19607004559208838
2025-09-09,0.19500730713399
2025-09-10,0.19367488531570773
2025-09-11,0.1934789953139842
2025-09-12,0.1934477370832386
2025-09-15,0.19370424649107637
2025-09-16,0.1938500391619154
2025-09-17,0.19176901519100895
2025-09-18,0.19223343450388689
2025-09-19,0.19227619073675814
2025-09-22,0.19183002929218076
2025-09-23,0.19019320741362003
2025-09-24,0.19079193035524944
2025-09-25,0.1915715754266368
2025-09-26,0.1920441734032515
2025-09-29,0.19218430481971108
2025-09-30,0.18877145060992373
2025-10-01,0.18872889400855794
2025-10-02,0.18765654126412973
2025-10-03,0.19318747749513238
2025-10-06,0.19187581091126932
2025-10-07,0.19199189086205748
2025-10-08,0.19400399400962612
2025-10-09,0.19340012082658037
2025-10-10,0.19528863143388028
2025-10-13,0.1953760419917313
2025-10-14,0.20260240107443936
2025-10-15,0.20258871710768414
2025-10-16,0.20238110012606975
2025-10-17,0.20198230780857276
2025-10-20,0.20209178287353055
2025-10-21,0.20212587363759255
2025-10-22,0.20115983887079428
2025-10-23,0.1994841305953491
2025-10-24,0.19537115660620927
2025-10-27,0.19376622014157718
2025-10-28,0.19379946075026974
2025-10-29,0.19487367398745598
2025-10-30,0.1900692860442206
2025-10-31,0.18958371759576562
2025-11-03,0.1900784618545011
2025-11-04,0.19039374035186837
2025-11-05,0.19103141316581754
2025-11-06,0.18979000742834903
2025-11-07,0.1905632737311048
2025-11-10,0.19023076469371344
2025-11-11,0.1908167237947045
2025-11-12,0.191448604884268
2025-11-13,0.19146967135387488
2025-11-14,0.18923404313534908
2025-11-17,0.19170020936230397
2025-11-18,0.19071366304805928
2025-11-19,0.1935067010079924
2025-11-20,0.19354431639528813
2025-11-21,0.19026939575096394
2025-11-24,0.18963997127214013
2025-11-25,0.18843734933937523
2025-11-26,0.18979819379821614
2025-11-27,0.1900870970282879
2025-11-28,0.19038050227400968
2025-12-01,0.19057467650327198
2025-12-02,0.1904010905416772
2025-12-03,0.19031588268297875
2025-12-04,0.19281645697152358
2025-12-05,0.19273030534149424
2025-12-08,0.1928288728530128
2025-12-09,0.18935983646924126
2025-12-10,0.19061687497938357
2025-12-11,0.19299663679970858
2025-12-12,0.191824681910124
2025-12-15,0.19169524184765072
2025-12-16,0.19243420100751965
2025-12-17,0.1924890790238578
2025-12-18,0.19222925814584818
2025-12-19,0.19077657144721827
2025-12-22,0.19073095812035554
2025-12-23,0.19318715912930828
2025-12-24,0.19346719506641818
2025-12-25,0.19501156736593586
2025-12-26,0.20066085299793948
2025-12-29,0.2004979339552115
2025-12-30,0.20114334037982337
2025-12-31,0.2025835734963003
2026-01-01,0.2023509426396579
2026-01-02,0.2027173871439678
