Date Snapshot,Rolling Sharpe Ratio
2020-04-29,
2020-04-30,
2020-05-01,
2020-05-04,
2020-05-05,
2020-05-06,
2020-05-07,
2020-05-08,
2020-05-11,
2020-05-12,
2020-05-13,
2020-05-14,
2020-05-15,
2020-05-18,
2020-05-19,
2020-05-20,
2020-05-21,
2020-05-22,
2020-05-25,
2020-05-26,
2020-05-27,
2020-05-28,
2020-05-29,
2020-06-01,
2020-06-02,
2020-06-03,
2020-06-04,
2020-06-05,
2020-06-08,
2020-06-09,
2020-06-10,
2020-06-11,
2020-06-12,
2020-06-15,
2020-06-16,
2020-06-17,
2020-06-18,
2020-06-19,
2020-06-22,
2020-06-23,
2020-06-24,
2020-06-25,
2020-06-26,
2020-06-29,
2020-06-30,
2020-07-01,
2020-07-02,
2020-07-03,
2020-07-06,
2020-07-07,
2020-07-08,
2020-07-09,
2020-07-10,
2020-07-13,
2020-07-14,
2020-07-15,
2020-07-16,
2020-07-17,
2020-07-20,
2020-07-21,
2020-07-22,
2020-07-23,
2020-07-24,
2020-07-27,
2020-07-28,
2020-07-29,
2020-07-30,
2020-07-31,
2020-08-03,
2020-08-04,
2020-08-05,
2020-08-06,
2020-08-07,
2020-08-10,
2020-08-11,
2020-08-12,
2020-08-13,
2020-08-14,
2020-08-17,
2020-08-18,
2020-08-19,
2020-08-20,
2020-08-21,
2020-08-24,
2020-08-25,
2020-08-26,
2020-08-27,
2020-08-28,
2020-08-31,
2020-09-01,
2020-09-02,
2020-09-03,
2020-09-04,
2020-09-07,
2020-09-08,
2020-09-09,
2020-09-10,
2020-09-11,
2020-09-14,
2020-09-15,
2020-09-16,
2020-09-17,
2020-09-18,
2020-09-21,
2020-09-22,
2020-09-23,
2020-09-24,
2020-09-25,
2020-09-28,
2020-09-29,
2020-09-30,
2020-10-01,
2020-10-02,
2020-10-05,
2020-10-06,
2020-10-07,
2020-10-08,
2020-10-09,
2020-10-12,
2020-10-13,
2020-10-14,
2020-10-15,
2020-10-16,
2020-10-19,
2020-10-20,
2020-10-21,-1.1844851342463607
2020-10-22,-1.473180312417633
2020-10-23,-1.6718351630814907
2020-10-26,-1.7522332281755248
2020-10-27,-2.181410927652233
2020-10-28,-2.1297191244004745
2020-10-29,-2.1219651971833837
2020-10-30,-2.2438159233609296
2020-11-02,-2.208363596207759
2020-11-03,-2.592805767352298
2020-11-04,-3.3143651507842935
2020-11-05,-3.407167547270761
2020-11-06,-3.60409519247432
2020-11-09,-3.9943422754525604
2020-11-10,-4.087006000414078
2020-11-11,-3.794354302361795
2020-11-12,-3.7843717159996464
2020-11-13,-3.9340218180932838
2020-11-16,-3.924236736472355
2020-11-17,-4.0996840379767985
2020-11-18,-3.929563277472196
2020-11-19,-3.881065315999761
2020-11-20,-3.9472652909465933
2020-11-23,-3.8274938138581795
2020-11-24,-3.8016868107008257
2020-11-25,-3.758026934588899
2020-11-26,-3.561236695982023
2020-11-27,-3.5524866171915432
2020-11-30,-3.3311116453176774
2020-12-01,-3.136844412913289
2020-12-02,-3.0432636639328474
2020-12-03,-2.8689128043703946
2020-12-04,-2.7465026010789764
2020-12-07,-2.7701499852064644
2020-12-08,-2.816024164961093
2020-12-09,-2.929683790253141
2020-12-10,-2.5191768051940544
2020-12-11,-2.789657816820079
2020-12-14,-3.0578139750502453
2020-12-15,-3.119010030164996
2020-12-16,-2.7280735040841737
2020-12-17,-2.3238793911716478
2020-12-18,-2.205572343531046
2020-12-21,-2.005576648281031
2020-12-22,-1.8233332294770523
2020-12-23,-1.2536687872074064
2020-12-24,-1.331660087331766
2020-12-25,-1.2785440105244286
2020-12-28,-1.2916879356905475
2020-12-29,-1.2323205423958643
2020-12-30,-1.1668177676666183
2020-12-31,-1.1489682970161998
2021-01-01,-0.9144296467995068
2021-01-04,-0.7274009361178669
2021-01-05,-0.8513353440529018
2021-01-06,-1.0375247044709903
2021-01-07,-0.948108053007268
2021-01-08,-1.0729162694287904
2021-01-11,-0.8036799461146615
2021-01-12,-0.5340821478118225
2021-01-13,-0.42943279870614876
2021-01-14,-0.7774526316463314
2021-01-15,-0.40490929419485994
2021-01-18,-0.3931469211864554
2021-01-19,-0.5271104292494484
2021-01-20,-0.3141839373847993
2021-01-21,-0.2624933865593985
2021-01-22,-0.32069632103340373
2021-01-25,-0.13432745383235756
2021-01-26,-0.23440631109836269
2021-01-27,-0.1881518104607739
2021-01-28,-0.3010615518902787
2021-01-29,-0.24015101857153026
2021-02-01,-0.15522333782026695
2021-02-02,-0.023184929038473363
2021-02-03,0.1621283819475928
2021-02-04,0.07723981865711185
2021-02-05,0.013207784249447116
2021-02-08,0.05615084650705799
2021-02-09,0.04187613628305516
2021-02-10,-0.038437158981800175
2021-02-11,-0.17720719026424528
2021-02-12,-0.31879450312884083
2021-02-15,-0.03187979237266878
2021-02-16,-0.059122877079333676
2021-02-17,0.06265195352339611
2021-02-18,0.1536570458273363
2021-02-19,0.03890619080273107
2021-02-22,0.29536984690258805
2021-02-23,0.4443641875398401
2021-02-24,0.32078484079935676
2021-02-25,0.41627342107134147
2021-02-26,0.3440404736688688
2021-03-01,0.39292283811350565
2021-03-02,0.2665720244500497
2021-03-03,0.16328669773116317
2021-03-04,0.06334061836504923
2021-03-05,-0.23357348484421492
2021-03-08,-0.39041325171825564
2021-03-09,-0.43755958158840247
2021-03-10,-0.20045659306247957
2021-03-11,-0.05879735471915905
2021-03-12,-0.07505115141718903
2021-03-15,0.019670830384288573
2021-03-16,-0.041990253426666485
2021-03-17,0.013228003515574878
2021-03-18,0.03767800129202073
2021-03-19,0.19212556429874875
2021-03-22,-0.04934206141510418
2021-03-23,-0.10830070155316743
2021-03-24,-0.06630483938446163
2021-03-25,0.0015545765514596971
2021-03-26,-0.058050256994049414
2021-03-29,-0.15177550552058422
2021-03-30,-0.2939263789142468
2021-03-31,-0.43914793205562214
2021-04-01,-0.6357469961231245
2021-04-02,-0.6272539304207315
2021-04-05,-0.4199568844260458
2021-04-06,-0.2214206882506358
2021-04-07,-0.29754652241127355
2021-04-08,-0.4124982241862767
2021-04-09,-0.36330537515056993
2021-04-12,-0.6708558076173746
2021-04-13,-0.3446664312101711
2021-04-14,-0.5112878293144107
2021-04-15,-0.5865170886531037
2021-04-16,-0.559236815190661
2021-04-19,-0.5150171321881246
2021-04-20,-0.6663741792846116
2021-04-21,-0.5287682714697064
2021-04-22,-0.5998603113712142
2021-04-23,-0.41825626527202525
2021-04-26,-0.31103649188842875
2021-04-27,-0.3114524181043513
2021-04-28,0.08018371912410094
2021-04-29,0.3142709721571211
2021-04-30,0.31753614539818276
2021-05-03,0.34299202673068196
2021-05-04,0.4271751604329787
2021-05-05,0.2793079559631816
2021-05-06,0.2821471584334459
2021-05-07,0.514704896327773
2021-05-10,0.563275093208239
2021-05-11,0.6527314080392326
2021-05-12,0.4343710150321825
2021-05-13,0.4583507949522362
2021-05-14,0.5594580084195824
2021-05-17,0.7573310240539959
2021-05-18,0.6514928680860511
2021-05-19,0.6034127426665037
2021-05-20,0.582186232518319
2021-05-21,0.6514041522480571
2021-05-24,0.8513338432005593
2021-05-25,0.7873083652698786
2021-05-26,0.5859287014131972
2021-05-27,0.654830719492159
2021-05-28,0.5868467509756523
2021-05-31,0.45127520103663826
2021-06-01,0.5425172433109426
2021-06-02,0.7430490023205176
2021-06-03,0.7229464908691355
2021-06-04,0.328433794236037
2021-06-07,0.3460666888359947
2021-06-08,0.6569710139623202
2021-06-09,0.5701680517290031
2021-06-10,0.36769823855016737
2021-06-11,-0.05240003935659126
2021-06-14,-0.10470399109838133
2021-06-15,-0.28975511318511626
2021-06-16,-0.5285964600833152
2021-06-17,-1.0033607946242107
2021-06-18,-1.2424086098548819
2021-06-21,-1.3603169555739683
2021-06-22,-1.4128945171241172
2021-06-23,-1.5720988234332578
2021-06-24,-1.7048473646874511
2021-06-25,-1.822073363758374
2021-06-28,-1.8151032676921164
2021-06-29,-1.8763241134609714
2021-06-30,-2.0337667368162733
2021-07-01,-1.708981631539246
2021-07-02,-1.8714104040977713
2021-07-05,-1.6950321163258395
2021-07-06,-2.0107202883773607
2021-07-07,-2.133603786459109
2021-07-08,-2.0917800225044174
2021-07-09,-2.0711072733362585
2021-07-12,-2.608332665246839
2021-07-13,-2.3576989284682384
2021-07-14,-2.222378288677155
2021-07-15,-2.374958068278297
2021-07-16,-2.2637462466078504
2021-07-19,-2.2769291666374993
2021-07-20,-2.392448932325719
2021-07-21,-2.1783307142045873
2021-07-22,-2.054185771722853
2021-07-23,-2.1414973269528885
2021-07-26,-2.054346326326914
2021-07-27,-1.8512209799594264
2021-07-28,-1.923903148664847
2021-07-29,-2.3178093200573118
2021-07-30,-2.238188071684572
2021-08-02,-2.1379858963551333
2021-08-03,-2.2088400630472167
2021-08-04,-2.128034257813616
2021-08-05,-1.9835395819901838
2021-08-06,-2.1267404668117926
2021-08-09,-2.1712649754254207
2021-08-10,-2.345245275355245
2021-08-11,-2.227219875547584
2021-08-12,-2.4389661387963892
2021-08-13,-2.844412984036857
2021-08-16,-2.617279028429646
2021-08-17,-2.588893935828843
2021-08-18,-2.8158227634196202
2021-08-19,-2.9216869403893733
2021-08-20,-2.7003574719842915
2021-08-23,-2.401100689774128
2021-08-24,-2.5004601059727625
2021-08-25,-2.511811024210399
2021-08-26,-2.556481750251391
2021-08-27,-2.4659762629782267
2021-08-30,-2.43760424896375
2021-08-31,-2.380008369281153
2021-09-01,-2.528761135402192
2021-09-02,-2.7385641694138956
2021-09-03,-2.76085858964432
2021-09-06,-2.711587727831428
2021-09-07,-3.1029332854630143
2021-09-08,-3.024040793486234
2021-09-09,-2.9302722000005503
2021-09-10,-3.08073298918334
2021-09-13,-3.2306525341058783
2021-09-14,-3.211683565114779
2021-09-15,-3.6087761575404564
2021-09-16,-3.655093265507014
2021-09-17,-3.5706689689136786
2021-09-20,-3.607576900988255
2021-09-21,-3.711736642839809
2021-09-22,-3.370340509073795
2021-09-23,-3.2153184867655407
2021-09-24,-3.0821074319825557
2021-09-27,-3.320282136444503
2021-09-28,-3.3032549581839388
2021-09-29,-3.4986449144869036
2021-09-30,-3.508173132521356
2021-10-01,-3.527396208105413
2021-10-04,-3.3156844005539616
2021-10-05,-3.2604184193302546
2021-10-06,-3.205442472693321
2021-10-07,-2.942163177916272
2021-10-08,-2.8910121527587425
2021-10-11,-2.5517170039398933
2021-10-12,-2.287046847261044
2021-10-13,-2.0911132423915704
2021-10-14,-1.8963336418762862
2021-10-15,-1.796065360606826
2021-10-18,-1.8782526858508217
2021-10-19,-1.645837080528821
2021-10-20,-1.4521961900262557
2021-10-21,-1.542658826243602
2021-10-22,-1.5753255238926716
2021-10-25,-1.6445360983842003
2021-10-26,-1.6039765126731447
2021-10-27,-1.3921978086421316
2021-10-28,-1.3642047477539274
2021-10-29,-1.4542962749092
2021-11-01,-1.582186597371943
2021-11-02,-1.6061056413796617
2021-11-03,-1.4968241405295208
2021-11-04,-1.2636282900458395
2021-11-05,-1.252549524088482
2021-11-08,-1.4713616937028382
2021-11-09,-1.511711140571784
2021-11-10,-1.5445369071694048
2021-11-11,-1.5387438101566282
2021-11-12,-1.3817461140253622
2021-11-15,-1.3910720454278906
2021-11-16,-1.536592469019437
2021-11-17,-1.5239287510086967
2021-11-18,-1.3314924165742978
2021-11-19,-1.2123799049054775
2021-11-22,-1.1968293599460924
2021-11-23,-1.1975083065142553
2021-11-24,-1.3199611832366192
2021-11-25,-1.4914554812096195
2021-11-26,-1.4946191672122195
2021-11-29,-1.2971319772673697
2021-11-30,-1.092431044557594
2021-12-01,-1.5069143915507779
2021-12-02,-1.3838690351413387
2021-12-03,-1.226977330319689
2021-12-06,-1.0913675849798958
2021-12-07,-1.154806886229604
2021-12-08,-1.4511929439676816
2021-12-09,-1.1229148611414028
2021-12-10,-0.9401762068989078
2021-12-13,-0.853353366991249
2021-12-14,-0.7367814942865777
2021-12-15,-0.7249351959013471
2021-12-16,-0.5296579377713183
2021-12-17,-0.3221961552125496
2021-12-20,-0.414419715612662
2021-12-21,-0.524073928283305
2021-12-22,-0.49040574430110795
2021-12-23,-0.4486139297729702
2021-12-24,-0.6237808097243988
2021-12-27,-0.49203189683052734
2021-12-28,-0.6185586300144135
2021-12-29,-0.4639562096277518
2021-12-30,-0.4867525441717855
2021-12-31,-0.6678492537558972
2022-01-03,-0.5728221157127746
2022-01-04,-0.4269810224732985
2022-01-05,-0.6254150071974283
2022-01-06,-0.7367969441900996
2022-01-07,-0.5301390520195243
2022-01-10,-0.6471992998983802
2022-01-11,-0.5518258238861175
2022-01-12,-0.5607136854104663
2022-01-13,-0.7102377054172537
2022-01-14,-0.7392649321618135
2022-01-17,-0.558021091419796
2022-01-18,-0.7824780626567817
2022-01-19,-1.0151691521055228
2022-01-20,-0.8239398983587815
2022-01-21,-0.7112500333012661
2022-01-24,-0.6283717786741558
2022-01-25,-0.6074102696811884
2022-01-26,-0.47379172568728206
2022-01-27,-0.6187663397990891
2022-01-28,-0.5823812230336055
2022-01-31,-0.6205567348411728
2022-02-01,-0.44774955693986246
2022-02-02,-0.30919580787815326
2022-02-03,-0.1779374161964954
2022-02-04,-0.3217893826134589
2022-02-07,-0.30147651447678253
2022-02-08,-0.4208762185940404
2022-02-09,-0.2768131271998718
2022-02-10,-0.4566647442825871
2022-02-11,-0.29364634957300534
2022-02-14,-0.8509165404623181
2022-02-15,-1.1050740476234782
2022-02-16,-1.024745806977972
2022-02-17,-0.9852005228383374
2022-02-18,-0.9976594568580643
2022-02-21,-0.7116753801208273
2022-02-22,-0.13860842696147427
2022-02-23,-0.3268206357825417
2022-02-24,0.11753726091756458
2022-02-25,0.05035203954842737
2022-02-28,0.2610217027030395
2022-03-01,0.4026191348151291
2022-03-02,0.6402366207963363
2022-03-03,0.5166748218401664
2022-03-04,0.36942021065067193
2022-03-07,0.24152206564420733
2022-03-08,0.4787325725639564
2022-03-09,0.6413527753651271
2022-03-10,0.7715614015571677
2022-03-11,0.6327268236884688
2022-03-14,0.4595760075057097
2022-03-15,0.5626923042085543
2022-03-16,0.6845928069120316
2022-03-17,0.5935444334527521
2022-03-18,0.7088388443496516
2022-03-21,0.5595234204705567
2022-03-22,0.9316913904353977
2022-03-23,1.1139710700408814
2022-03-24,1.1250880194073616
2022-03-25,1.48671131817699
2022-03-28,1.5106107823273565
2022-03-29,1.1680240715423642
2022-03-30,1.0975859808988024
2022-03-31,0.7896854139869403
2022-04-01,0.4662450425171582
2022-04-04,0.7925613064404602
2022-04-05,0.6894364149265282
2022-04-06,0.42274217107734535
2022-04-07,-0.005558962926482789
2022-04-08,-0.13149384778592138
2022-04-11,-0.25114458705152076
2022-04-12,-0.27263183698190585
2022-04-13,-0.4696530433463102
2022-04-14,-0.621892819455739
2022-04-15,-0.5634350963074582
2022-04-18,-0.6890498539002702
2022-04-19,-0.6976257342506763
2022-04-20,-0.6060954209246987
2022-04-21,-0.7036986434140897
2022-04-22,-0.7518229684790082
2022-04-25,-0.9104495440649647
2022-04-26,-0.99722743429541
2022-04-27,-1.0642114514663987
2022-04-28,-1.2188259511990276
2022-04-29,-1.3697766623214993
2022-05-02,-1.7862676161657265
2022-05-03,-1.6061199327120983
2022-05-04,-1.568271500197991
2022-05-05,-1.4696563906165268
2022-05-06,-1.4535313558082508
2022-05-09,-1.5949021724818997
2022-05-10,-1.7577862008209872
2022-05-11,-1.9490067743221489
2022-05-12,-1.9664552884136988
2022-05-13,-2.0664193284589314
2022-05-16,-2.3558762144462984
2022-05-17,-2.1405231613925024
2022-05-18,-1.9407218113014226
2022-05-19,-1.9451804826411179
2022-05-20,-1.9568253250811032
2022-05-23,-1.9276297757136498
2022-05-24,-1.774499899507432
2022-05-25,-1.8090269387070956
2022-05-26,-1.610650706855375
2022-05-27,-1.227591581763317
2022-05-30,-1.465348024878429
2022-05-31,-1.5057682773764878
2022-06-01,-1.4341126321007667
2022-06-02,-1.2355969302283272
2022-06-03,-1.4411412471433933
2022-06-06,-1.4669683647617109
2022-06-07,-1.4395043732159747
2022-06-08,-1.4544695092830247
2022-06-09,-1.5807776247338599
2022-06-10,-1.6467327972431591
2022-06-13,-1.7310726643360292
2022-06-14,-1.5357947844428053
2022-06-15,-1.4360761398368205
2022-06-16,-1.3620400583680692
2022-06-17,-1.1794216876195682
2022-06-20,-0.852356435056879
2022-06-21,-0.9279474587477721
2022-06-22,-0.8515993816436027
2022-06-23,-0.7873251974228526
2022-06-24,-0.7292239154791977
2022-06-27,-0.6530920387431584
2022-06-28,-0.8229237135702155
2022-06-29,-0.9927434398080741
2022-06-30,-1.279937838504164
2022-07-01,-1.1790367790772984
2022-07-04,-1.2318991912994306
2022-07-05,-1.2119983426635512
2022-07-06,-1.1275733603896905
2022-07-07,-1.1255099919702094
2022-07-08,-1.1935730089071486
2022-07-11,-1.3485120659272198
2022-07-12,-1.1594817342312493
2022-07-13,-1.2880435351916901
2022-07-14,-1.2083858874967919
2022-07-15,-1.202829685519378
2022-07-18,-0.991402642824912
2022-07-19,-1.2226704276130427
2022-07-20,-1.251786830605056
2022-07-21,-1.5427642741761023
2022-07-22,-1.3189530852375042
2022-07-25,-1.444439841140114
2022-07-26,-1.3702450973877986
2022-07-27,-1.5047343994674747
2022-07-28,-1.5286086988094947
2022-07-29,-1.6624665510680443
2022-08-01,-1.658453137262694
2022-08-02,-1.7855005781117212
2022-08-03,-1.6548147279317287
2022-08-04,-2.015815940016382
2022-08-05,-1.9340206149145653
2022-08-08,-2.0697131014480026
2022-08-09,-1.783749329775313
2022-08-10,-1.6073419843786145
2022-08-11,-1.6874928726401537
2022-08-12,-1.6005701184080547
2022-08-15,-1.6090540125521915
2022-08-16,-1.7383771936378503
2022-08-17,-1.9734290035262774
2022-08-18,-1.9168924593283865
2022-08-19,-2.072547524405943
2022-08-22,-2.134226475388263
2022-08-23,-2.2195817558191155
2022-08-24,-2.1447008480521816
2022-08-25,-2.19738432857738
2022-08-26,-2.0596811779724766
2022-08-29,-2.1692302364409626
2022-08-30,-1.9078150760501165
2022-08-31,-1.6962192108784209
2022-09-01,-1.7949095374632964
2022-09-02,-1.790892609201575
2022-09-05,-1.5226667134179406
2022-09-06,-1.2796608367478297
2022-09-07,-1.1955537192423142
2022-09-08,-1.2435477039251541
2022-09-09,-1.2284292831597168
2022-09-12,-1.306946521879607
2022-09-13,-1.1580467600647202
2022-09-14,-1.101126663368984
2022-09-15,-1.164634431905359
2022-09-16,-0.9133800499693523
2022-09-19,-1.3763600569660146
2022-09-20,-1.4196820615797654
2022-09-21,-1.110930296797485
2022-09-22,-1.118910972342882
2022-09-23,-0.7129858209826606
2022-09-26,-0.5710073900577983
2022-09-27,-0.6643910263407383
2022-09-28,-0.6885702314441273
2022-09-29,-0.44718058408282
2022-09-30,-0.1395430780904203
2022-10-03,-0.026401773470815963
2022-10-04,0.04583715874789507
2022-10-05,-0.026635268482070915
2022-10-06,0.2244431557488307
2022-10-07,0.4673216726098007
2022-10-10,0.24880180628655324
2022-10-11,0.3640893296016476
2022-10-12,0.5233482827553666
2022-10-13,0.5971394548679938
2022-10-14,0.5249693764618116
2022-10-17,0.6211972579231271
2022-10-18,0.7482197425982158
2022-10-19,0.5385391884076832
2022-10-20,0.7148616207829819
2022-10-21,0.6979445684468086
2022-10-24,0.7886001464768421
2022-10-25,1.2218539740901502
2022-10-26,1.2700661384078151
2022-10-27,1.2641205041484835
2022-10-28,1.0331929999838037
2022-10-31,1.0818757284824974
2022-11-01,1.1648912933000073
2022-11-02,0.9475721285839759
2022-11-03,1.1465872107057737
2022-11-04,1.0264166673864414
2022-11-07,1.0144602724360061
2022-11-08,1.1573676957709587
2022-11-09,1.0658562481560918
2022-11-10,0.9428075060149347
2022-11-11,0.8199758321990956
2022-11-14,0.883492079899108
2022-11-15,1.0450737927291447
2022-11-16,0.7698371280126626
2022-11-17,1.009215253020465
2022-11-18,1.0718373390001943
2022-11-21,0.84435949727474
2022-11-22,1.0470283370952047
2022-11-23,1.1811536505443732
2022-11-24,1.0543373286205417
2022-11-25,1.1025296660176296
2022-11-28,1.1764905029724546
2022-11-29,1.0861807442181546
2022-11-30,1.0700914597144604
2022-12-01,0.9667696359232734
2022-12-02,1.2408507421133563
2022-12-05,1.1765233673846858
2022-12-06,0.9261679867747853
2022-12-07,0.8140464526851182
2022-12-08,0.7778451784221452
2022-12-09,0.619434790538798
2022-12-12,0.663823922263393
2022-12-13,0.5063408133881603
2022-12-14,0.3910528048651996
2022-12-15,0.6834319069374063
2022-12-16,0.6536162571386553
2022-12-19,0.4808775162644827
2022-12-20,0.5438341992225303
2022-12-21,0.5868129516368301
2022-12-22,0.7156553195978134
2022-12-23,0.8552799474425703
2022-12-26,0.760248257986082
2022-12-27,0.8733248061171727
2022-12-28,0.7036958109889222
2022-12-29,0.524515442698706
2022-12-30,0.7591155835254683
2023-01-02,0.6326384124869582
2023-01-03,0.811415951163426
2023-01-04,0.5564400229448832
2023-01-05,1.0334487506816437
2023-01-06,0.8837388877044552
2023-01-09,0.8723080069518576
2023-01-10,0.6478732397143552
2023-01-11,1.0192146489009957
2023-01-12,0.9237007585901372
2023-01-13,1.3152538141633257
2023-01-16,1.3583458655299487
2023-01-17,1.675034509596593
2023-01-18,1.7168727170467168
2023-01-19,1.5253733378009302
2023-01-20,1.490921538027614
2023-01-23,1.4812167755889603
2023-01-24,1.696190061726413
2023-01-25,2.0421573725644966
2023-01-26,1.9966136570074784
2023-01-27,2.0119838946077078
2023-01-30,2.024339009135109
2023-01-31,2.249898226412985
2023-02-01,2.3750121500695363
2023-02-02,2.3921243220880735
2023-02-03,2.443690009020301
2023-02-06,2.4167352354845226
2023-02-07,2.3657074812031387
2023-02-08,2.1363112563392677
2023-02-09,2.207640360791793
2023-02-10,2.533027646512824
2023-02-13,2.6708218305492952
2023-02-14,2.8265637444981033
2023-02-15,2.8351205183300077
2023-02-16,2.420101722130295
2023-02-17,2.424528345114163
2023-02-20,2.1807721498657986
2023-02-21,2.180610609713287
2023-02-22,2.232242929554134
2023-02-23,1.9085990971312672
2023-02-24,1.9440035577312553
2023-02-27,2.183362029274962
2023-02-28,2.049901253549329
2023-03-01,2.074769821494485
2023-03-02,1.844309144197099
2023-03-03,2.0217348799201087
2023-03-06,1.7613013741779835
2023-03-07,1.6831429164350633
2023-03-08,1.6109912476001085
2023-03-09,1.578576532209088
2023-03-10,1.3129871495667844
2023-03-13,1.1937792714219468
2023-03-14,1.3620428186710927
2023-03-15,1.325136377480316
2023-03-16,1.1113287855262004
2023-03-17,1.3790312760399177
2023-03-20,1.1728750989206378
2023-03-21,1.0620456727792174
2023-03-22,0.8639405649245082
2023-03-23,0.7894842769849206
2023-03-24,0.9376622507070508
2023-03-27,0.985455371939967
2023-03-28,0.9487038368036645
2023-03-29,0.5467116267371239
2023-03-30,0.9943213038132136
2023-03-31,0.7853148171754044
2023-04-03,0.40759790907473387
2023-04-04,0.32300629294095223
2023-04-05,0.16087221219862932
2023-04-06,-0.010686070411853031
2023-04-07,-0.21565344419458965
2023-04-10,0.006440113245375835
2023-04-11,0.07358840726002461
2023-04-12,0.13080386001059083
2023-04-13,0.3216146158429964
2023-04-14,0.5410513678406335
2023-04-17,0.6258452809214524
2023-04-18,0.5562826464885403
2023-04-19,0.5199733680426384
2023-04-20,0.44101292477342174
2023-04-21,0.3549796086829523
2023-04-24,0.7628792822529237
2023-04-25,0.8327522785397805
2023-04-26,0.6830286334401237
2023-04-27,0.7867123963632813
2023-04-28,0.887096476520464
2023-05-01,0.9184940846215438
2023-05-02,0.8946100519865597
2023-05-03,1.1525545045632595
2023-05-04,0.9785851235554244
2023-05-05,0.82514387501163
2023-05-08,0.7854041383750421
2023-05-09,0.8574630066462562
2023-05-10,0.7958386846763383
2023-05-11,0.898188349003347
2023-05-12,0.7623483265159545
2023-05-15,0.8311669440346235
2023-05-16,0.7702263219968405
2023-05-17,0.8708398779718225
2023-05-18,0.7099224891092267
2023-05-19,0.9017459837977294
2023-05-22,0.8467623703169685
2023-05-23,0.8610081030226034
2023-05-24,1.0425674156657037
2023-05-25,1.0635367788242862
2023-05-26,0.8253706849066541
2023-05-29,0.7365292534239055
2023-05-30,0.6416025672945298
2023-05-31,0.7114346332262502
2023-06-01,0.7071755091806339
2023-06-02,0.8161876145845877
2023-06-05,1.0005513087215343
2023-06-06,0.7964035178768994
2023-06-07,0.6802135070957527
2023-06-08,0.7007866139064245
2023-06-09,0.577474813121436
2023-06-12,0.5646975319811371
2023-06-13,0.7412060543129677
2023-06-14,0.7089799634875246
2023-06-15,0.8332629190484936
2023-06-16,0.8015205883288334
2023-06-19,0.8878701387327043
2023-06-20,0.8799785240006974
2023-06-21,0.6830607095795838
2023-06-22,0.8687131175670797
2023-06-23,1.1874413105394255
2023-06-26,1.0022577457350124
2023-06-27,1.3444285966573766
2023-06-28,1.177017758996209
2023-06-29,1.3074532536987986
2023-06-30,0.8927684220638021
2023-07-03,1.0673670446362102
2023-07-04,1.0026635354582292
2023-07-05,0.996752900258019
2023-07-06,0.9925842326423319
2023-07-07,1.0795239320472763
2023-07-10,0.8052344115694048
2023-07-11,0.626916489321235
2023-07-12,0.47140135230456776
2023-07-13,0.5781534932222548
2023-07-14,0.6790461969920426
2023-07-17,0.6250568185871298
2023-07-18,0.6737094132071847
2023-07-19,0.6060072883903905
2023-07-20,0.3728739635589625
2023-07-21,0.22640177462195862
2023-07-24,0.4277048474280036
2023-07-25,0.4127632962366953
2023-07-26,0.5621214989685968
2023-07-27,0.27644956909571794
2023-07-28,0.04770426297684825
2023-07-31,-0.14121170240579906
2023-08-01,-0.1712268272416583
2023-08-02,-0.04560344149468796
2023-08-03,0.08002169540335911
2023-08-04,-0.21391108924052307
2023-08-07,-0.5316069921805419
2023-08-08,-0.5666302300863179
2023-08-09,-0.3981256758407617
2023-08-10,-0.3553264370500238
2023-08-11,-0.06522552496965517
2023-08-14,0.03131282378896657
2023-08-15,0.19057328975915241
2023-08-16,0.3089388349146365
2023-08-17,0.08281045514624913
2023-08-18,0.19761048565409015
2023-08-21,0.1354643940120734
2023-08-22,-0.0019808499245075523
2023-08-23,-0.025866564031180726
2023-08-24,-0.31426735345441265
2023-08-25,-0.2046528202272276
2023-08-28,-0.26827393349357403
2023-08-29,0.04866338062022658
2023-08-30,0.3853360907851352
2023-08-31,0.5133625582065436
2023-09-01,0.631496820750732
2023-09-04,0.7797473075218391
2023-09-05,0.7879155208544502
2023-09-06,0.7020916389472999
2023-09-07,0.6718651771624223
2023-09-08,0.8196369307906612
2023-09-11,0.7781709938404929
2023-09-12,0.694504144313791
2023-09-13,0.5826093583597721
2023-09-14,0.7736601262771119
2023-09-15,0.7440143094410048
2023-09-18,0.5902692207292703
2023-09-19,0.4651231086880447
2023-09-20,0.3819050127368926
2023-09-21,0.9744370604789948
2023-09-22,0.46115705634932874
2023-09-25,0.638420236478916
2023-09-26,0.948048596089847
2023-09-27,0.8376894937455162
2023-09-28,0.9371254653199965
2023-09-29,1.0532448787724262
2023-10-02,0.9645084051893102
2023-10-03,1.0002839662275467
2023-10-04,0.9972115802996081
2023-10-05,1.119416103885259
2023-10-06,1.1043080196506294
2023-10-09,0.886594503655419
2023-10-10,0.6776467751209941
2023-10-11,0.8547984020358321
2023-10-12,0.9591169432721062
2023-10-13,0.9299220055551284
2023-10-16,1.0806645441862774
2023-10-17,0.6570463622080673
2023-10-18,0.9176118388232982
2023-10-19,0.8693905960514141
2023-10-20,0.8715733081612137
2023-10-23,0.7369834500822678
2023-10-24,0.8645245234907106
2023-10-25,0.684622769702931
2023-10-26,0.39723751660300377
2023-10-27,0.5053355578751153
2023-10-30,0.7344933452764608
2023-10-31,0.8192876642233449
2023-11-01,0.3997601951153216
2023-11-02,0.12159859674452388
2023-11-03,0.06958126546512589
2023-11-06,-0.03288569278540393
2023-11-07,-0.2523366394626097
2023-11-08,-0.20609174908337866
2023-11-09,-0.5263696631131832
2023-11-10,-0.14328008076506643
2023-11-13,-0.2001983419634927
2023-11-14,-0.051537414525154306
2023-11-15,-0.33047789919022014
2023-11-16,-0.35417402235766204
2023-11-17,-0.2329906459577992
2023-11-20,0.04865962956192181
2023-11-21,0.06352564133338813
2023-11-22,-0.02618542318649668
2023-11-23,0.06543767000877947
2023-11-24,0.5191449717500072
2023-11-27,0.41895702539889196
2023-11-28,0.29557561174661284
2023-11-29,0.677215965222187
2023-11-30,0.8034768562580469
2023-12-01,0.8788915995342467
2023-12-04,0.9625228453380745
2023-12-05,1.0221116560016517
2023-12-06,0.8977596597938751
2023-12-07,0.9649623213790816
2023-12-08,1.010094402699611
2023-12-11,0.9408370019177951
2023-12-12,0.980034920806974
2023-12-13,1.1947301815000237
2023-12-14,0.9756665840659968
2023-12-15,0.8007171418806643
2023-12-18,0.5326309412798285
2023-12-19,0.4658038151552129
2023-12-20,0.44702990312823737
2023-12-21,0.5530131890486446
2023-12-22,0.39409930982298164
2023-12-25,0.44333047699455447
2023-12-26,0.6348444281426231
2023-12-27,0.8350539307435708
2023-12-28,0.9229042440280311
2023-12-29,0.6176141693657977
2024-01-01,0.7044154625297817
2024-01-02,0.6536394302510049
2024-01-03,0.6955271194847255
2024-01-04,0.5456561581237519
2024-01-05,0.3826625202014206
2024-01-08,0.33488493506319705
2024-01-09,0.3200163242442516
2024-01-10,0.5060028337392701
2024-01-11,0.4145656032401494
2024-01-12,0.587499543743329
2024-01-15,0.6587307434996381
2024-01-16,0.6697698432404953
2024-01-17,0.9232920099327158
2024-01-18,0.949955921211649
2024-01-19,1.1082108714797285
2024-01-22,1.0460692522378188
2024-01-23,1.4140011113102533
2024-01-24,1.5612133072691614
2024-01-25,1.441735799223628
2024-01-26,1.5629474438656907
2024-01-29,1.7696230884984148
2024-01-30,1.7004893806977524
2024-01-31,1.7031819208523609
2024-02-01,1.5737225180347079
2024-02-02,1.4982423774719984
2024-02-05,1.5203260222081838
2024-02-06,1.4669860943411477
2024-02-07,1.3228286522851855
2024-02-08,1.1920251770105683
2024-02-09,1.2628987473869633
2024-02-12,1.1005752677625031
2024-02-13,1.1431428221924094
2024-02-14,0.8465867276492353
2024-02-15,0.8372138014853787
2024-02-16,1.0253070382236238
2024-02-19,1.123753452658929
2024-02-20,1.032835107429811
2024-02-21,0.9097968584656898
2024-02-22,0.5415320993304846
2024-02-23,0.6478768727235855
2024-02-26,0.5566753938406679
2024-02-27,0.7554004639820547
2024-02-28,0.8388415370265737
2024-02-29,0.8196365128305633
2024-03-01,0.8694482002192726
2024-03-04,0.9999645079351784
2024-03-05,0.957641813282422
2024-03-06,0.7331840394044405
2024-03-07,0.834877284332265
2024-03-08,0.7547789267977931
2024-03-11,0.8305191770065797
2024-03-12,0.7846045306581514
2024-03-13,0.9207851535925512
2024-03-14,1.0809677491029197
2024-03-15,0.9113992628150498
2024-03-18,0.934378727687885
2024-03-19,0.7443380022609024
2024-03-20,0.7725718279327228
2024-03-21,0.9246251714476605
2024-03-22,0.9155270908546572
2024-03-25,0.961906860079782
2024-03-26,1.1418428393879834
2024-03-27,0.9165676931831331
2024-03-28,0.956986920260751
2024-03-29,0.7581789681500881
2024-04-01,0.490763948762755
2024-04-02,0.2243357098035513
2024-04-03,0.5694967413809233
2024-04-04,0.4311570142924941
2024-04-05,0.3649181771837937
2024-04-08,0.37443793002154896
2024-04-09,0.3472797140090878
2024-04-10,0.5739548702647714
2024-04-11,0.38929874325631014
2024-04-12,0.3078870044912536
2024-04-15,0.4806753853295771
2024-04-16,0.39136615001437064
2024-04-17,0.5085959248455348
2024-04-18,0.6763638947150816
2024-04-19,0.6927796001143096
2024-04-22,0.9967783253349165
2024-04-23,0.9194334480771658
2024-04-24,0.9169526312792916
2024-04-25,1.0797347817524447
2024-04-26,1.4856148017489619
2024-04-29,1.3993598249831931
2024-04-30,1.6062437455812566
2024-05-01,1.6348705933043703
2024-05-02,1.5953627153929755
2024-05-03,1.9647328910417945
2024-05-06,1.8394739956132258
2024-05-07,1.8089802962700106
2024-05-08,1.7918892722507076
2024-05-09,1.914960115785863
2024-05-10,1.902022974289662
2024-05-13,1.7461752041594203
2024-05-14,1.905360587348988
2024-05-15,1.8775348107504242
2024-05-16,2.103646708254522
2024-05-17,2.2176903419535385
2024-05-20,1.835762009297459
2024-05-21,1.7574921149939908
2024-05-22,1.5783356171787806
2024-05-23,1.3923379272050023
2024-05-24,1.1429131626984361
2024-05-27,1.1505144824263083
2024-05-28,1.1160623409398631
2024-05-29,0.7602416731133291
2024-05-30,0.7322669685080764
2024-05-31,0.7517655295482106
2024-06-03,0.535059691687934
2024-06-04,0.45212238807225724
2024-06-05,0.4849760916219294
2024-06-06,0.39990406905870896
2024-06-07,0.3876529981706756
2024-06-10,0.4346304399612789
2024-06-11,0.46362601394050046
2024-06-12,0.3574846301939067
2024-06-13,0.20513635330761884
2024-06-14,0.31808877861522433
2024-06-17,0.38028032241346954
2024-06-18,0.49455346685058216
2024-06-19,0.2519726794050208
2024-06-20,-0.013199813017520523
2024-06-21,0.0014772885629980132
2024-06-24,-0.016829276511807878
2024-06-25,0.21794730112229233
2024-06-26,0.4209553462961043
2024-06-27,0.5003424563364588
2024-06-28,0.35163475000103617
2024-07-01,0.2518530062085645
2024-07-02,0.5049248528026226
2024-07-03,0.45143406238651973
2024-07-04,0.38828475656921063
2024-07-05,0.26080450476502487
2024-07-08,0.3352165600526802
2024-07-09,0.1878162155008006
2024-07-10,0.17463086310973813
2024-07-11,-0.08863870560694406
2024-07-12,-0.1988126985235279
2024-07-15,-0.19750250971879682
2024-07-16,0.21324311071643476
2024-07-17,-0.025661887797082734
2024-07-18,-0.08003049370295505
2024-07-19,-0.1772786907076345
2024-07-22,-0.3293305779915559
2024-07-23,-0.4092776631156776
2024-07-24,-0.5728055013330595
2024-07-25,-0.7906029725372075
2024-07-26,-0.8165127765843103
2024-07-29,-0.9902878560886501
2024-07-30,-1.0977142775989124
2024-07-31,-1.3046544508279907
2024-08-01,-1.3155015863220796
2024-08-02,-1.2736565221573903
2024-08-05,-1.2576625485967878
2024-08-06,-0.9786382777953586
2024-08-07,-1.0802067984219481
2024-08-08,-0.6013754194097829
2024-08-09,-0.2795457055813187
2024-08-12,-0.18575126431096875
2024-08-13,-0.4384947029086065
2024-08-14,-0.4409485316614871
2024-08-15,-0.322727287203276
2024-08-16,-0.20837712435795216
2024-08-19,-0.1865623088554541
2024-08-20,-0.40793996226576756
2024-08-21,-0.38569281167213093
2024-08-22,-0.4694606802235227
2024-08-23,-0.39907679022275583
2024-08-26,-0.25045071665591495
2024-08-27,-0.40946312490982323
2024-08-28,-0.3746934984557312
2024-08-29,0.01869198584505287
2024-08-30,0.09195440808458538
2024-09-02,0.30926520500527016
2024-09-03,0.3427712359789666
2024-09-04,0.26472039658344587
2024-09-05,0.04643741307495925
2024-09-06,-0.2070024182885032
2024-09-09,-0.1231147406059366
2024-09-10,0.018652254405025544
2024-09-11,-0.12021973215710366
2024-09-12,-0.1903004232425637
2024-09-13,-0.06962802898250012
2024-09-16,-0.017693012096740127
2024-09-17,0.09618265516581112
2024-09-18,0.23298119926003774
2024-09-19,0.346847561244797
2024-09-20,0.3738565911788176
2024-09-23,0.41438570358391924
2024-09-24,0.6407186828402573
2024-09-25,0.8612092192313039
2024-09-26,0.7210785967269813
2024-09-27,0.8313926476959831
2024-09-30,0.6995265841862077
2024-10-01,0.44982186416856307
2024-10-02,0.48872524611543905
2024-10-03,0.4754973350205945
2024-10-04,0.23205974755731287
2024-10-07,0.572730884139876
2024-10-08,0.533177707208554
2024-10-09,0.6055837535160091
2024-10-10,0.5275762288530154
2024-10-11,0.5327218721756782
2024-10-14,0.42682156730182613
2024-10-15,0.06429552250381015
2024-10-16,-0.19182621617270743
2024-10-17,-0.1542246152682008
2024-10-18,-0.15351359162588812
2024-10-21,-0.33351981128557867
2024-10-22,-0.28158031003189826
2024-10-23,-0.4243134176660815
2024-10-24,-0.2610454447627487
2024-10-25,-0.21584003189517587
2024-10-28,-0.45527431724215084
2024-10-29,-0.5540905809008909
2024-10-30,-0.5722413726370302
2024-10-31,-0.8714837688196717
2024-11-01,-0.8626073327872299
2024-11-04,-0.7239140894973319
2024-11-05,-0.886650153060337
2024-11-06,-1.288311263066774
2024-11-07,-1.3044809910140525
2024-11-08,-1.302674512995497
2024-11-11,-1.5399513678301564
2024-11-12,-1.3965011863011527
2024-11-13,-1.452492905060258
2024-11-14,-1.3072681807097555
2024-11-15,-1.53884346400579
2024-11-18,-1.5423376326820657
2024-11-19,-1.4614386802341326
2024-11-20,-1.50005573435993
2024-11-21,-1.2478530892609887
2024-11-22,-1.1338348893468277
2024-11-25,-1.0675735396914234
2024-11-26,-1.0426657128878412
2024-11-27,-1.0964488013702192
2024-11-28,-1.0574944289957962
2024-11-29,-1.1491229198865025
2024-12-02,-0.8777291668200919
2024-12-03,-0.9789880074585949
2024-12-04,-1.176035233349339
2024-12-05,-0.8928852355385483
2024-12-06,-0.948916074652173
2024-12-09,-0.9191788252776973
2024-12-10,-1.0477640259580736
2024-12-11,-0.6289913308749672
2024-12-12,-0.6283659860134121
2024-12-13,-0.5324171887014887
2024-12-16,-0.7360866517906711
2024-12-17,-0.6095758829811008
2024-12-18,-1.0060135398994081
2024-12-19,-0.9678235872823617
2024-12-20,-1.2945094892389892
2024-12-23,-0.871140486762136
2024-12-24,-0.703437943657171
2024-12-25,-0.7263857488787898
2024-12-26,-0.7782208015115066
2024-12-27,-0.8803042152837639
2024-12-30,-0.703660791320987
2024-12-31,-0.9172592072457924
2025-01-01,-0.6540053104594806
2025-01-02,-0.9544115508391346
2025-01-03,-0.8045610740076767
2025-01-06,-0.8056177390883575
2025-01-07,-0.8414777428194621
2025-01-08,-1.3443372110364418
2025-01-09,-1.2451065038930296
2025-01-10,-1.521597881560057
2025-01-13,-1.397797617437791
2025-01-14,-1.426763978536185
2025-01-15,-1.6998955947695322
2025-01-16,-1.2811096536855644
2025-01-17,-1.08602659378435
2025-01-20,-1.0867316818485844
2025-01-21,-0.8904490526918805
2025-01-22,-0.9944337331390414
2025-01-23,-0.7512115299259007
2025-01-24,-0.5245324138774023
2025-01-27,-0.33793252466617024
2025-01-28,-0.5974576508170067
2025-01-29,-0.7576583797623804
2025-01-30,-0.9103554760937963
2025-01-31,-1.1427564237378085
2025-02-03,-1.2656822207065541
2025-02-04,-1.7334002797012489
2025-02-05,-1.4728120749544389
2025-02-06,-1.1814892662388317
2025-02-07,-1.259113538605619
2025-02-10,-1.2243274705612321
2025-02-11,-1.5711873347153154
2025-02-12,-1.3235734601813411
2025-02-13,-1.336493871591793
2025-02-14,-1.3826896339858732
2025-02-17,-1.5064265262083458
2025-02-18,-1.628052556309746
2025-02-19,-1.7958172257331733
2025-02-20,-1.954669752110694
2025-02-21,-2.0559680374899627
2025-02-24,-2.096568248480214
2025-02-25,-2.3432642802800907
2025-02-26,-2.2314859030056775
2025-02-27,-2.3183891328599797
2025-02-28,-2.062801809586464
2025-03-03,-1.79490074910341
2025-03-04,-1.9452764122094024
2025-03-05,-2.1213406368050416
2025-03-06,-1.8153285159275865
2025-03-07,-1.7058795780312876
2025-03-10,-1.6594018729204036
2025-03-11,-1.8858245292915528
2025-03-12,-1.7714092014869383
2025-03-13,-1.8639244396061438
2025-03-14,-1.870224931575472
2025-03-17,-1.8422763590484585
2025-03-18,-1.7404497140088133
2025-03-19,-1.7908814300430287
2025-03-20,-1.7419070672699366
2025-03-21,-1.7992473692178423
2025-03-24,-1.7646218414761894
2025-03-25,-1.866924125885959
2025-03-26,-1.6923645752909284
2025-03-27,-1.7790911343676332
2025-03-28,-1.9243028651750202
2025-03-31,-1.576262450300884
2025-04-01,-1.726488062774032
2025-04-02,-1.5994756751333976
2025-04-03,-1.709304007832273
2025-04-04,-1.7524084730000282
2025-04-07,-1.9916696251580042
2025-04-08,-1.7950337369703278
2025-04-09,-1.8348163318393385
2025-04-10,-1.6319361590262844
2025-04-11,-1.7447524243982055
2025-04-14,-1.656187275942657
2025-04-15,-1.751954943634572
2025-04-16,-1.5824173403959605
2025-04-17,-1.4778604803569255
2025-04-18,-1.4210660618937871
2025-04-21,-1.4357124911216266
2025-04-22,-1.4421649518073294
2025-04-23,-1.373730326977563
2025-04-24,-1.2112292535838618
2025-04-25,-0.9246325096941813
2025-04-28,-0.7694413531955553
2025-04-29,-1.1270443583383134
2025-04-30,-1.0477667398473811
2025-05-01,-1.0960631037510333
2025-05-02,-0.8588538607332667
2025-05-05,-0.8865257623462982
2025-05-06,-0.6725750488598725
2025-05-07,-0.42195519726813074
2025-05-08,-0.42289708735416637
2025-05-09,-0.4162971400768022
2025-05-12,-0.2672033513323552
2025-05-13,-0.052424953563356004
2025-05-14,-0.2689681550949792
2025-05-15,-0.2468470331927566
2025-05-16,-0.14217086276225843
2025-05-19,-0.270516755763119
2025-05-20,-0.3392144995753678
2025-05-21,-0.2554883642940194
2025-05-22,-0.2735875395521929
2025-05-23,-0.3845410857597245
2025-05-26,-0.5164312663972841
2025-05-27,-0.59977220168423
2025-05-28,-0.41432198788538316
2025-05-29,0.021336852837798823
2025-05-30,-0.17102502845744513
2025-06-02,0.009232579381274843
2025-06-03,-0.26833481346451143
2025-06-04,-0.11676766226826987
2025-06-05,-0.4268853783657155
2025-06-06,-0.520017370181036
2025-06-09,-0.4734914686941339
2025-06-10,-0.32173073437433036
2025-06-11,-0.35004877262986467
2025-06-12,-0.31157907343037383
2025-06-13,-0.30498486083603094
2025-06-16,-0.5097598779436167
2025-06-17,-0.7758598027621662
2025-06-18,-0.7550080443775097
2025-06-19,-0.68608911192867
2025-06-20,-0.49819975327301724
2025-06-23,-0.4770715635779152
2025-06-24,-0.49089504707113796
2025-06-25,-0.2762426491535814
2025-06-26,-0.23807441144628685
2025-06-27,-0.13849254698553085
2025-06-30,-0.23677909347000367
2025-07-01,-0.17917509621895675
2025-07-02,-0.2669871384232428
2025-07-03,0.15933801814712742
2025-07-04,0.1899849694866373
2025-07-07,0.3151161222371195
2025-07-08,0.4404962795274675
2025-07-09,0.4370583884705296
2025-07-10,0.7488502729526072
2025-07-11,0.6085628374612752
2025-07-14,0.36572070174413635
2025-07-15,0.47364593626830537
2025-07-16,0.3283073755083542
2025-07-17,0.4662488055172295
2025-07-18,0.5139199042613132
2025-07-21,0.5595202528844525
2025-07-22,0.5590863551094641
2025-07-23,0.871033209669864
2025-07-24,0.7156779470210533
2025-07-25,0.9498534011859636
2025-07-28,1.0505189053662776
2025-07-29,0.6129505573440095
2025-07-30,0.7515650988673969
2025-07-31,0.5651182041917729
2025-08-01,0.3990891260659964
2025-08-04,0.2842346019674423
2025-08-05,0.3774666366804197
2025-08-06,0.3785593739311067
2025-08-07,0.2307198980621639
2025-08-08,-0.04122508594904392
2025-08-11,0.31595234423823815
2025-08-12,0.5790460690511225
2025-08-13,0.4453538213217383
2025-08-14,0.6888912869173409
2025-08-15,0.8264502783201036
2025-08-18,0.7693431538834423
2025-08-19,0.6469486072576145
2025-08-20,0.6136106753297481
2025-08-21,0.6011286358504272
2025-08-22,0.5925797566035873
2025-08-25,0.5635963082108542
2025-08-26,0.30540869426337364
2025-08-27,0.43719586781796727
2025-08-28,0.7261098750250308
2025-08-29,0.3159082407550166
2025-09-01,0.11565478265415076
2025-09-02,0.12526876504938422
2025-09-03,0.1982210890459564
2025-09-04,-0.10169965135374455
2025-09-05,-0.06828337511282716
2025-09-08,-0.4368666734357905
2025-09-09,-0.5231495444886924
2025-09-10,-0.7654730102524686
2025-09-11,-0.6863985647395219
2025-09-12,-0.7071251230992398
2025-09-15,-0.7400781938715398
2025-09-16,-0.7246572747765108
2025-09-17,-0.48853546749538224
2025-09-18,-0.3809744343030455
2025-09-19,-0.4416943428199994
2025-09-22,-0.3307625621860431
2025-09-23,-0.4849592986862956
2025-09-24,-0.41542526167434335
2025-09-25,-0.35889782502485035
2025-09-26,-0.39975061711292537
2025-09-29,-0.4448948376652139
2025-09-30,-0.21984527156322412
2025-10-01,-0.2233892308072747
2025-10-02,-0.1217867515302387
2025-10-03,0.2447157146951259
2025-10-06,0.5226043628222995
2025-10-07,0.48555487536873837
2025-10-08,0.7565724101657688
2025-10-09,0.6979723891070435
2025-10-10,0.21266123963054026
2025-10-13,0.2194870206795036
2025-10-14,0.6541432570216992
2025-10-15,0.6817234822453762
2025-10-16,0.5121387677668149
2025-10-17,0.29453726992396384
2025-10-20,0.15627951879855254
2025-10-21,0.06084512659090117
2025-10-22,0.23674771014130921
2025-10-23,0.3821118232154441
2025-10-24,0.6729919530450656
2025-10-27,0.33300614139313245
2025-10-28,0.3853081209360746
2025-10-29,0.5230483190955151
2025-10-30,0.27301304734766957
2025-10-31,0.40176867955927315
2025-11-03,0.2675086392623019
2025-11-04,0.2125814887396728
2025-11-05,-0.008036697867303688
2025-11-06,0.05887732066792506
2025-11-07,-0.20423914697792983
2025-11-10,-0.39947437701481653
2025-11-11,-0.44471221803432304
2025-11-12,-0.3354517515012562
2025-11-13,-0.35612878852066565
2025-11-14,-0.09960426657341093
2025-11-17,0.25609632220470646
2025-11-18,0.5300753218841595
2025-11-19,0.3329896200954499
2025-11-20,0.2892417906854674
2025-11-21,0.05137452758703552
2025-11-24,0.11656237776373368
2025-11-25,-0.07825613160941172
2025-11-26,0.273960840046061
2025-11-27,0.18611086276290645
2025-11-28,0.02778400014248261
2025-12-01,0.004839943374360979
2025-12-02,-0.03288233165394562
2025-12-03,0.005253899294148794
2025-12-04,-0.27897159138105054
2025-12-05,-0.25543741415241994
2025-12-08,-0.3053442624733607
2025-12-09,0.16465459741844002
2025-12-10,0.041343949950745605
2025-12-11,0.20230054245842435
2025-12-12,0.0741963354462635
2025-12-15,-0.02418437686344448
2025-12-16,0.06149831202574305
2025-12-17,0.04978584467881798
2025-12-18,0.0221141021894659
2025-12-19,-0.15468753724881795
2025-12-22,-0.13835627865009442
2025-12-23,-0.2911736517864382
2025-12-24,-0.20494870014801153
2025-12-25,0.05163518958898698
2025-12-26,-0.4115571268769901
2025-12-29,-0.45928312051676273
2025-12-30,-0.31862514600373676
2025-12-31,-0.21056902098616842
2026-01-01,-0.15614324636338503
2026-01-02,-0.08260121627161018
